[
  {
    "model": "admin.logentry",
    "pk": 7,
    "fields": {
      "action_time": "2024-11-26T08:01:50.899Z",
      "user": 13,
      "content_type": 26,
      "object_id": "10",
      "object_repr": "sebnemadil12999@gmail.com",
      "action_flag": 3,
      "change_message": ""
    }
  },
  {
    "model": "admin.logentry",
    "pk": 8,
    "fields": {
      "action_time": "2024-11-26T08:01:50.899Z",
      "user": 13,
      "content_type": 26,
      "object_id": "7",
      "object_repr": "sebnemadil19399@gmail.com",
      "action_flag": 3,
      "change_message": ""
    }
  },
  {
    "model": "admin.logentry",
    "pk": 9,
    "fields": {
      "action_time": "2024-11-26T08:01:50.899Z",
      "user": 13,
      "content_type": 26,
      "object_id": "6",
      "object_repr": "sebnemadil19993@gmail.com",
      "action_flag": 3,
      "change_message": ""
    }
  },
  {
    "model": "admin.logentry",
    "pk": 10,
    "fields": {
      "action_time": "2024-11-26T08:01:50.899Z",
      "user": 13,
      "content_type": 26,
      "object_id": "5",
      "object_repr": "sebnemadil19994@gmail.com",
      "action_flag": 3,
      "change_message": ""
    }
  },
  {
    "model": "admin.logentry",
    "pk": 11,
    "fields": {
      "action_time": "2024-11-26T08:01:50.899Z",
      "user": 13,
      "content_type": 26,
      "object_id": "2",
      "object_repr": "sebnemadil19996@gmail.com",
      "action_flag": 3,
      "change_message": ""
    }
  },
  {
    "model": "admin.logentry",
    "pk": 12,
    "fields": {
      "action_time": "2024-11-26T08:01:50.899Z",
      "user": 13,
      "content_type": 26,
      "object_id": "4",
      "object_repr": "sebnemadil19997@gmail.com",
      "action_flag": 3,
      "change_message": ""
    }
  },
  {
    "model": "admin.logentry",
    "pk": 13,
    "fields": {
      "action_time": "2024-11-26T08:01:50.900Z",
      "user": 13,
      "content_type": 26,
      "object_id": "3",
      "object_repr": "sebnemadil1999@gmail.com",
      "action_flag": 3,
      "change_message": ""
    }
  },
  {
    "model": "admin.logentry",
    "pk": 14,
    "fields": {
      "action_time": "2024-11-26T08:01:50.900Z",
      "user": 13,
      "content_type": 26,
      "object_id": "9",
      "object_repr": "sebnemadil19d99@gmail.com",
      "action_flag": 3,
      "change_message": ""
    }
  },
  {
    "model": "admin.logentry",
    "pk": 15,
    "fields": {
      "action_time": "2024-11-26T08:01:50.900Z",
      "user": 13,
      "content_type": 26,
      "object_id": "8",
      "object_repr": "sebnemadil19r99@gmail.com",
      "action_flag": 3,
      "change_message": ""
    }
  },
  {
    "model": "admin.logentry",
    "pk": 16,
    "fields": {
      "action_time": "2024-11-26T08:01:50.900Z",
      "user": 13,
      "content_type": 26,
      "object_id": "11",
      "object_repr": "sebnemadil999@gmail.com",
      "action_flag": 3,
      "change_message": ""
    }
  },
  {
    "model": "admin.logentry",
    "pk": 17,
    "fields": {
      "action_time": "2024-11-26T08:01:50.900Z",
      "user": 13,
      "content_type": 26,
      "object_id": "14",
      "object_repr": "sebnemadil99@gmail.com",
      "action_flag": 3,
      "change_message": ""
    }
  },
  {
    "model": "admin.logentry",
    "pk": 18,
    "fields": {
      "action_time": "2024-11-26T08:05:25.984Z",
      "user": 13,
      "content_type": 26,
      "object_id": "15",
      "object_repr": "sebnemadil1999@gmail.com",
      "action_flag": 2,
      "change_message": "[{\"changed\": {\"fields\": [\"Active\"]}}]"
    }
  },
  {
    "model": "admin.logentry",
    "pk": 19,
    "fields": {
      "action_time": "2024-11-26T08:22:32.849Z",
      "user": 13,
      "content_type": 26,
      "object_id": "17",
      "object_repr": "sebnemadi99@gmail.com",
      "action_flag": 3,
      "change_message": ""
    }
  },
  {
    "model": "admin.logentry",
    "pk": 20,
    "fields": {
      "action_time": "2024-11-26T08:22:32.849Z",
      "user": 13,
      "content_type": 26,
      "object_id": "15",
      "object_repr": "sebnemadil1999@gmail.com",
      "action_flag": 3,
      "change_message": ""
    }
  },
  {
    "model": "admin.logentry",
    "pk": 21,
    "fields": {
      "action_time": "2024-11-26T08:22:32.849Z",
      "user": 13,
      "content_type": 26,
      "object_id": "16",
      "object_repr": "sebnemadil199@gmail.com",
      "action_flag": 3,
      "change_message": ""
    }
  },
  {
    "model": "admin.logentry",
    "pk": 22,
    "fields": {
      "action_time": "2024-11-26T08:22:32.849Z",
      "user": 13,
      "content_type": 26,
      "object_id": "18",
      "object_repr": "sebnemadil@gmail.com",
      "action_flag": 3,
      "change_message": ""
    }
  },
  {
    "model": "admin.logentry",
    "pk": 23,
    "fields": {
      "action_time": "2024-11-26T08:29:06.374Z",
      "user": 13,
      "content_type": 26,
      "object_id": "19",
      "object_repr": "sebnemadil1999@gmail.com",
      "action_flag": 3,
      "change_message": ""
    }
  },
  {
    "model": "admin.logentry",
    "pk": 24,
    "fields": {
      "action_time": "2024-11-26T12:01:12.618Z",
      "user": 13,
      "content_type": 26,
      "object_id": "20",
      "object_repr": "sebnemadil1999@gmail.com",
      "action_flag": 3,
      "change_message": ""
    }
  },
  {
    "model": "admin.logentry",
    "pk": 25,
    "fields": {
      "action_time": "2024-11-26T20:16:11.108Z",
      "user": 13,
      "content_type": 26,
      "object_id": "21",
      "object_repr": "sebnemadil1999@gmail.com",
      "action_flag": 2,
      "change_message": "[{\"changed\": {\"fields\": [\"Foto\"]}}]"
    }
  },
  {
    "model": "admin.logentry",
    "pk": 26,
    "fields": {
      "action_time": "2024-11-26T21:52:17.478Z",
      "user": 13,
      "content_type": 26,
      "object_id": "21",
      "object_repr": "sebnemadil1999@gmail.com",
      "action_flag": 2,
      "change_message": "[{\"changed\": {\"fields\": [\"Foto\"]}}]"
    }
  },
  {
    "model": "admin.logentry",
    "pk": 27,
    "fields": {
      "action_time": "2024-11-26T21:55:22.062Z",
      "user": 13,
      "content_type": 26,
      "object_id": "21",
      "object_repr": "sebnemadil1999@gmail.com",
      "action_flag": 2,
      "change_message": "[{\"changed\": {\"fields\": [\"Foto\"]}}]"
    }
  },
  {
    "model": "admin.logentry",
    "pk": 28,
    "fields": {
      "action_time": "2024-11-28T14:58:36.679Z",
      "user": 13,
      "content_type": 6,
      "object_id": "1",
      "object_repr": "Development",
      "action_flag": 1,
      "change_message": "[{\"added\": {}}]"
    }
  },
  {
    "model": "admin.logentry",
    "pk": 29,
    "fields": {
      "action_time": "2024-11-28T14:58:45.321Z",
      "user": 13,
      "content_type": 8,
      "object_id": "1",
      "object_repr": "IT",
      "action_flag": 1,
      "change_message": "[{\"added\": {}}]"
    }
  },
  {
    "model": "admin.logentry",
    "pk": 30,
    "fields": {
      "action_time": "2024-11-28T14:58:48.847Z",
      "user": 13,
      "content_type": 9,
      "object_id": "1",
      "object_repr": "Things you may not know about medicaid den..",
      "action_flag": 1,
      "change_message": "[{\"added\": {}}]"
    }
  },
  {
    "model": "admin.logentry",
    "pk": 31,
    "fields": {
      "action_time": "2024-11-28T17:47:18.254Z",
      "user": 13,
      "content_type": 10,
      "object_id": "3",
      "object_repr": "Cras sit amet ...",
      "action_flag": 2,
      "change_message": "[{\"changed\": {\"fields\": [\"Bloq r\\u0259yi\"]}}]"
    }
  },
  {
    "model": "admin.logentry",
    "pk": 32,
    "fields": {
      "action_time": "2024-12-08T13:25:57.716Z",
      "user": 13,
      "content_type": 24,
      "object_id": "1",
      "object_repr": "09 Dec 2024, 17:25 - 10 Dec 2024, 17:25",
      "action_flag": 1,
      "change_message": "[{\"added\": {}}]"
    }
  },
  {
    "model": "admin.logentry",
    "pk": 33,
    "fields": {
      "action_time": "2024-12-08T13:29:54.027Z",
      "user": 13,
      "content_type": 25,
      "object_id": "1",
      "object_repr": "Şebnem Bayramlı-09 Dec 2024, 13:25 - 10 Dec 2024, 13:25",
      "action_flag": 3,
      "change_message": ""
    }
  },
  {
    "model": "admin.logentry",
    "pk": 34,
    "fields": {
      "action_time": "2024-12-08T13:31:00.724Z",
      "user": 13,
      "content_type": 25,
      "object_id": "2",
      "object_repr": "Şebnem Bayramlı-09 Dec 2024, 13:25 - 10 Dec 2024, 13:25",
      "action_flag": 3,
      "change_message": ""
    }
  },
  {
    "model": "admin.logentry",
    "pk": 35,
    "fields": {
      "action_time": "2024-12-08T13:32:26.293Z",
      "user": 13,
      "content_type": 25,
      "object_id": "3",
      "object_repr": "Şebnem Bayramlı-09 Dec 2024, 13:25 - 10 Dec 2024, 13:25",
      "action_flag": 3,
      "change_message": ""
    }
  },
  {
    "model": "admin.logentry",
    "pk": 36,
    "fields": {
      "action_time": "2024-12-08T13:33:34.473Z",
      "user": 13,
      "content_type": 25,
      "object_id": "4",
      "object_repr": "Şebnem Bayramlı-09 Dec 2024, 13:25 - 10 Dec 2024, 13:25",
      "action_flag": 3,
      "change_message": ""
    }
  },
  {
    "model": "admin.logentry",
    "pk": 37,
    "fields": {
      "action_time": "2024-12-08T13:35:23.508Z",
      "user": 13,
      "content_type": 25,
      "object_id": "5",
      "object_repr": "Şebnem Bayramlı-09 Dec 2024, 13:25 - 10 Dec 2024, 13:25",
      "action_flag": 3,
      "change_message": ""
    }
  },
  {
    "model": "admin.logentry",
    "pk": 38,
    "fields": {
      "action_time": "2024-12-08T22:48:20.575Z",
      "user": 13,
      "content_type": 8,
      "object_id": "1",
      "object_repr": "IT",
      "action_flag": 3,
      "change_message": ""
    }
  },
  {
    "model": "admin.logentry",
    "pk": 39,
    "fields": {
      "action_time": "2024-12-08T22:52:21.908Z",
      "user": 13,
      "content_type": 8,
      "object_id": "2",
      "object_repr": "IT",
      "action_flag": 1,
      "change_message": "[{\"added\": {}}]"
    }
  },
  {
    "model": "admin.logentry",
    "pk": 40,
    "fields": {
      "action_time": "2024-12-08T22:52:25.705Z",
      "user": 13,
      "content_type": 9,
      "object_id": "1",
      "object_repr": "Things you may not know about medicaid den..",
      "action_flag": 2,
      "change_message": "[{\"changed\": {\"fields\": [\"Teq\"]}}]"
    }
  },
  {
    "model": "admin.logentry",
    "pk": 41,
    "fields": {
      "action_time": "2024-12-08T22:53:05.476Z",
      "user": 13,
      "content_type": 8,
      "object_id": "2",
      "object_repr": "IT",
      "action_flag": 3,
      "change_message": ""
    }
  },
  {
    "model": "admin.logentry",
    "pk": 42,
    "fields": {
      "action_time": "2024-12-08T22:53:24.755Z",
      "user": 13,
      "content_type": 8,
      "object_id": "3",
      "object_repr": "IT",
      "action_flag": 1,
      "change_message": "[{\"added\": {}}]"
    }
  },
  {
    "model": "admin.logentry",
    "pk": 43,
    "fields": {
      "action_time": "2024-12-08T22:53:31.217Z",
      "user": 13,
      "content_type": 9,
      "object_id": "1",
      "object_repr": "Things you may not know about medicaid den..",
      "action_flag": 2,
      "change_message": "[{\"changed\": {\"fields\": [\"Teq\"]}}]"
    }
  },
  {
    "model": "admin.logentry",
    "pk": 44,
    "fields": {
      "action_time": "2024-12-08T22:54:40.577Z",
      "user": 13,
      "content_type": 24,
      "object_id": "2",
      "object_repr": "10 Dec 2024, 02:54 - 11 Dec 2024, 02:54",
      "action_flag": 1,
      "change_message": "[{\"added\": {}}]"
    }
  },
  {
    "model": "admin.logentry",
    "pk": 45,
    "fields": {
      "action_time": "2024-12-08T22:56:05.517Z",
      "user": 13,
      "content_type": 18,
      "object_id": "1",
      "object_repr": "Mary Fame-in rəyi",
      "action_flag": 1,
      "change_message": "[{\"added\": {}}]"
    }
  },
  {
    "model": "admin.logentry",
    "pk": 46,
    "fields": {
      "action_time": "2024-12-09T15:20:46.136Z",
      "user": 13,
      "content_type": 9,
      "object_id": "1",
      "object_repr": "Things you may not know about medicaid den..",
      "action_flag": 2,
      "change_message": "[]"
    }
  },
  {
    "model": "admin.logentry",
    "pk": 47,
    "fields": {
      "action_time": "2024-12-09T15:21:08.674Z",
      "user": 13,
      "content_type": 9,
      "object_id": "2",
      "object_repr": "ergher",
      "action_flag": 1,
      "change_message": "[{\"added\": {}}]"
    }
  },
  {
    "model": "admin.logentry",
    "pk": 48,
    "fields": {
      "action_time": "2024-12-09T15:21:37.337Z",
      "user": 13,
      "content_type": 9,
      "object_id": "3",
      "object_repr": "əəəə",
      "action_flag": 1,
      "change_message": "[{\"added\": {}}]"
    }
  },
  {
    "model": "admin.logentry",
    "pk": 49,
    "fields": {
      "action_time": "2024-12-09T15:22:20.337Z",
      "user": 13,
      "content_type": 9,
      "object_id": "3",
      "object_repr": "əəəə",
      "action_flag": 2,
      "change_message": "[]"
    }
  },
  {
    "model": "admin.logentry",
    "pk": 50,
    "fields": {
      "action_time": "2024-12-09T15:35:38.102Z",
      "user": 13,
      "content_type": 10,
      "object_id": "8",
      "object_repr": "rf34",
      "action_flag": 1,
      "change_message": "[{\"added\": {}}]"
    }
  },
  {
    "model": "admin.logentry",
    "pk": 51,
    "fields": {
      "action_time": "2024-12-09T15:47:59.940Z",
      "user": 13,
      "content_type": 10,
      "object_id": "8",
      "object_repr": "rf34",
      "action_flag": 3,
      "change_message": ""
    }
  },
  {
    "model": "admin.logentry",
    "pk": 52,
    "fields": {
      "action_time": "2024-12-09T15:48:18.903Z",
      "user": 13,
      "content_type": 10,
      "object_id": "8",
      "object_repr": "rf34",
      "action_flag": 3,
      "change_message": ""
    }
  },
  {
    "model": "admin.logentry",
    "pk": 53,
    "fields": {
      "action_time": "2024-12-09T15:49:13.378Z",
      "user": 13,
      "content_type": 10,
      "object_id": "2",
      "object_repr": "dgtjyfr",
      "action_flag": 3,
      "change_message": ""
    }
  },
  {
    "model": "admin.logentry",
    "pk": 54,
    "fields": {
      "action_time": "2024-12-09T16:13:16.892Z",
      "user": 13,
      "content_type": 10,
      "object_id": "2",
      "object_repr": "dgtjyfr",
      "action_flag": 3,
      "change_message": ""
    }
  },
  {
    "model": "admin.logentry",
    "pk": 55,
    "fields": {
      "action_time": "2024-12-09T16:18:00.385Z",
      "user": 13,
      "content_type": 10,
      "object_id": "2",
      "object_repr": "dgtjyfr",
      "action_flag": 3,
      "change_message": ""
    }
  },
  {
    "model": "admin.logentry",
    "pk": 56,
    "fields": {
      "action_time": "2024-12-09T16:19:47.667Z",
      "user": 13,
      "content_type": 10,
      "object_id": "2",
      "object_repr": "dgtjyfr",
      "action_flag": 3,
      "change_message": ""
    }
  },
  {
    "model": "admin.logentry",
    "pk": 57,
    "fields": {
      "action_time": "2024-12-09T16:21:16.656Z",
      "user": 13,
      "content_type": 10,
      "object_id": "3",
      "object_repr": "Cras sit amet ...",
      "action_flag": 3,
      "change_message": ""
    }
  },
  {
    "model": "admin.logentry",
    "pk": 58,
    "fields": {
      "action_time": "2024-12-09T16:21:40.824Z",
      "user": 13,
      "content_type": 10,
      "object_id": "1",
      "object_repr": "fhdfjf",
      "action_flag": 3,
      "change_message": ""
    }
  },
  {
    "model": "admin.logentry",
    "pk": 59,
    "fields": {
      "action_time": "2024-12-09T16:24:40.597Z",
      "user": 13,
      "content_type": 10,
      "object_id": "9",
      "object_repr": "agreh",
      "action_flag": 3,
      "change_message": ""
    }
  },
  {
    "model": "admin.logentry",
    "pk": 60,
    "fields": {
      "action_time": "2024-12-09T16:25:04.376Z",
      "user": 13,
      "content_type": 10,
      "object_id": "10",
      "object_repr": "zdavsfg",
      "action_flag": 1,
      "change_message": "[{\"added\": {}}]"
    }
  },
  {
    "model": "admin.logentry",
    "pk": 61,
    "fields": {
      "action_time": "2024-12-09T16:25:11.312Z",
      "user": 13,
      "content_type": 10,
      "object_id": "10",
      "object_repr": "zdavsfg",
      "action_flag": 3,
      "change_message": ""
    }
  },
  {
    "model": "admin.logentry",
    "pk": 62,
    "fields": {
      "action_time": "2024-12-09T16:27:11.081Z",
      "user": 13,
      "content_type": 10,
      "object_id": "11",
      "object_repr": "hgrehej",
      "action_flag": 1,
      "change_message": "[{\"added\": {}}]"
    }
  },
  {
    "model": "admin.logentry",
    "pk": 63,
    "fields": {
      "action_time": "2024-12-09T16:27:25.508Z",
      "user": 13,
      "content_type": 10,
      "object_id": "11",
      "object_repr": "hgrehej",
      "action_flag": 3,
      "change_message": ""
    }
  },
  {
    "model": "admin.logentry",
    "pk": 64,
    "fields": {
      "action_time": "2024-12-09T16:28:32.027Z",
      "user": 13,
      "content_type": 10,
      "object_id": "13",
      "object_repr": "ger",
      "action_flag": 3,
      "change_message": ""
    }
  },
  {
    "model": "admin.logentry",
    "pk": 65,
    "fields": {
      "action_time": "2024-12-09T16:28:34.157Z",
      "user": 13,
      "content_type": 10,
      "object_id": "13",
      "object_repr": "ger",
      "action_flag": 3,
      "change_message": ""
    }
  },
  {
    "model": "admin.logentry",
    "pk": 66,
    "fields": {
      "action_time": "2024-12-09T16:28:35.781Z",
      "user": 13,
      "content_type": 10,
      "object_id": "13",
      "object_repr": "ger",
      "action_flag": 3,
      "change_message": ""
    }
  },
  {
    "model": "admin.logentry",
    "pk": 67,
    "fields": {
      "action_time": "2024-12-09T16:29:06.562Z",
      "user": 13,
      "content_type": 10,
      "object_id": "12",
      "object_repr": "erfer",
      "action_flag": 3,
      "change_message": ""
    }
  },
  {
    "model": "admin.logentry",
    "pk": 68,
    "fields": {
      "action_time": "2024-12-09T16:37:53.900Z",
      "user": 13,
      "content_type": 10,
      "object_id": "14",
      "object_repr": "errr",
      "action_flag": 1,
      "change_message": "[{\"added\": {}}]"
    }
  },
  {
    "model": "admin.logentry",
    "pk": 69,
    "fields": {
      "action_time": "2024-12-09T16:38:38.380Z",
      "user": 13,
      "content_type": 10,
      "object_id": "14",
      "object_repr": "errr",
      "action_flag": 3,
      "change_message": ""
    }
  },
  {
    "model": "admin.logentry",
    "pk": 70,
    "fields": {
      "action_time": "2024-12-09T16:38:51.173Z",
      "user": 13,
      "content_type": 10,
      "object_id": "15",
      "object_repr": "err",
      "action_flag": 3,
      "change_message": ""
    }
  },
  {
    "model": "admin.logentry",
    "pk": 71,
    "fields": {
      "action_time": "2024-12-09T16:39:07.609Z",
      "user": 13,
      "content_type": 10,
      "object_id": "15",
      "object_repr": "err",
      "action_flag": 3,
      "change_message": ""
    }
  },
  {
    "model": "admin.logentry",
    "pk": 72,
    "fields": {
      "action_time": "2024-12-09T16:42:52.301Z",
      "user": 13,
      "content_type": 10,
      "object_id": "16",
      "object_repr": "ege",
      "action_flag": 3,
      "change_message": ""
    }
  },
  {
    "model": "admin.logentry",
    "pk": 73,
    "fields": {
      "action_time": "2024-12-09T16:45:45.283Z",
      "user": 13,
      "content_type": 10,
      "object_id": "17",
      "object_repr": "2t2t3",
      "action_flag": 3,
      "change_message": ""
    }
  },
  {
    "model": "admin.logentry",
    "pk": 74,
    "fields": {
      "action_time": "2024-12-09T16:48:40.493Z",
      "user": 13,
      "content_type": 14,
      "object_id": "1",
      "object_repr": "Mireldar Babayev",
      "action_flag": 1,
      "change_message": "[{\"added\": {}}]"
    }
  },
  {
    "model": "admin.logentry",
    "pk": 75,
    "fields": {
      "action_time": "2024-12-09T16:49:39.976Z",
      "user": 13,
      "content_type": 10,
      "object_id": "18",
      "object_repr": "wefewf",
      "action_flag": 3,
      "change_message": ""
    }
  },
  {
    "model": "admin.logentry",
    "pk": 76,
    "fields": {
      "action_time": "2024-12-09T16:52:32.965Z",
      "user": 13,
      "content_type": 10,
      "object_id": "19",
      "object_repr": "sfjdtjkkj",
      "action_flag": 3,
      "change_message": ""
    }
  },
  {
    "model": "admin.logentry",
    "pk": 77,
    "fields": {
      "action_time": "2024-12-09T17:00:11.896Z",
      "user": 13,
      "content_type": 10,
      "object_id": "20",
      "object_repr": "fw4f",
      "action_flag": 3,
      "change_message": ""
    }
  },
  {
    "model": "admin.logentry",
    "pk": 78,
    "fields": {
      "action_time": "2024-12-09T17:01:28.188Z",
      "user": 13,
      "content_type": 10,
      "object_id": "21",
      "object_repr": "2tr2t",
      "action_flag": 3,
      "change_message": ""
    }
  },
  {
    "model": "admin.logentry",
    "pk": 79,
    "fields": {
      "action_time": "2024-12-09T17:03:10.691Z",
      "user": 13,
      "content_type": 10,
      "object_id": "22",
      "object_repr": "wf23",
      "action_flag": 3,
      "change_message": ""
    }
  },
  {
    "model": "admin.logentry",
    "pk": 80,
    "fields": {
      "action_time": "2024-12-09T17:07:46.926Z",
      "user": 13,
      "content_type": 10,
      "object_id": "24",
      "object_repr": "dfhtrjhr",
      "action_flag": 3,
      "change_message": ""
    }
  },
  {
    "model": "admin.logentry",
    "pk": 81,
    "fields": {
      "action_time": "2024-12-09T17:18:53.373Z",
      "user": 13,
      "content_type": 14,
      "object_id": "1",
      "object_repr": "Mireldar Babayev",
      "action_flag": 2,
      "change_message": "[{\"changed\": {\"fields\": [\"Site Logo\"]}}]"
    }
  },
  {
    "model": "admin.logentry",
    "pk": 82,
    "fields": {
      "action_time": "2024-12-09T17:19:28.144Z",
      "user": 13,
      "content_type": 14,
      "object_id": "1",
      "object_repr": "Mireldar Babayev",
      "action_flag": 2,
      "change_message": "[{\"changed\": {\"fields\": [\"Site Logo\"]}}]"
    }
  },
  {
    "model": "admin.logentry",
    "pk": 83,
    "fields": {
      "action_time": "2024-12-10T21:28:15.357Z",
      "user": 13,
      "content_type": 19,
      "object_id": "1",
      "object_repr": "rhrth",
      "action_flag": 1,
      "change_message": "[{\"added\": {}}]"
    }
  },
  {
    "model": "admin.logentry",
    "pk": 84,
    "fields": {
      "action_time": "2024-12-10T21:45:40.451Z",
      "user": 13,
      "content_type": 20,
      "object_id": "1",
      "object_repr": "Servis 1",
      "action_flag": 1,
      "change_message": "[{\"added\": {}}]"
    }
  },
  {
    "model": "admin.logentry",
    "pk": 85,
    "fields": {
      "action_time": "2024-12-11T08:48:24.454Z",
      "user": 13,
      "content_type": 21,
      "object_id": "1",
      "object_repr": "4thh",
      "action_flag": 1,
      "change_message": "[{\"added\": {}}]"
    }
  },
  {
    "model": "admin.logentry",
    "pk": 86,
    "fields": {
      "action_time": "2024-12-11T19:39:36.590Z",
      "user": 13,
      "content_type": 21,
      "object_id": "1",
      "object_repr": "4thh",
      "action_flag": 2,
      "change_message": "[{\"changed\": {\"fields\": [\"File\"]}}]"
    }
  },
  {
    "model": "admin.logentry",
    "pk": 87,
    "fields": {
      "action_time": "2024-12-11T20:14:59.416Z",
      "user": 13,
      "content_type": 21,
      "object_id": "2",
      "object_repr": "wegfweg",
      "action_flag": 1,
      "change_message": "[{\"added\": {}}]"
    }
  },
  {
    "model": "admin.logentry",
    "pk": 88,
    "fields": {
      "action_time": "2024-12-12T11:02:56.317Z",
      "user": 13,
      "content_type": 14,
      "object_id": "1",
      "object_repr": "Mireldar Babayev",
      "action_flag": 2,
      "change_message": "[{\"changed\": {\"fields\": [\"M\\u0259kan [az]\", \"Footer hiss\\u0259d\\u0259 g\\u00f6st\\u0259ril\\u0259c\\u0259k m\\u0259tn [az]\"]}}]"
    }
  },
  {
    "model": "admin.logentry",
    "pk": 89,
    "fields": {
      "action_time": "2024-12-12T11:16:47.155Z",
      "user": 13,
      "content_type": 19,
      "object_id": "1",
      "object_repr": "Lorem ipsum dolor sit amet,",
      "action_flag": 2,
      "change_message": "[{\"changed\": {\"fields\": [\"Ba\\u015fl\\u0131q [az]\", \"Alt ba\\u015fl\\u0131q [az]\", \"Q\\u0131sa izah [az]\", \"Banner foto\"]}}]"
    }
  },
  {
    "model": "admin.logentry",
    "pk": 90,
    "fields": {
      "action_time": "2024-12-12T11:17:46.752Z",
      "user": 13,
      "content_type": 19,
      "object_id": "2",
      "object_repr": "Lorem ipsum dolor sit amet, Lorem ipsum dolor sit amet,",
      "action_flag": 1,
      "change_message": "[{\"added\": {}}]"
    }
  },
  {
    "model": "admin.logentry",
    "pk": 91,
    "fields": {
      "action_time": "2024-12-12T11:18:35.168Z",
      "user": 13,
      "content_type": 19,
      "object_id": "2",
      "object_repr": "Lorem ipsum dolor sit",
      "action_flag": 2,
      "change_message": "[{\"changed\": {\"fields\": [\"Ba\\u015fl\\u0131q [az]\", \"Alt ba\\u015fl\\u0131q [az]\"]}}]"
    }
  },
  {
    "model": "admin.logentry",
    "pk": 92,
    "fields": {
      "action_time": "2024-12-12T11:22:19.989Z",
      "user": 13,
      "content_type": 16,
      "object_id": "1",
      "object_repr": "Haqqımızda məlumat",
      "action_flag": 2,
      "change_message": "[{\"changed\": {\"fields\": [\"Haqq\\u0131m\\u0131zda m\\u0259lumat [az]\", \"Haqq\\u0131m\\u0131zda m\\u0259lumat [en]\", \"Haqq\\u0131m\\u0131zda m\\u0259lumat [ru]\", \"Missiyam\\u0131z [az]\", \"G\\u00f6r\\u00fc\\u015f\\u00fcm\\u00fcz [az]\", \"D\\u0259y\\u0259rl\\u0259rimiz [az]\"]}}]"
    }
  },
  {
    "model": "admin.logentry",
    "pk": 93,
    "fields": {
      "action_time": "2024-12-12T11:22:40.623Z",
      "user": 13,
      "content_type": 16,
      "object_id": "1",
      "object_repr": "Haqqımızda məlumat",
      "action_flag": 2,
      "change_message": "[{\"changed\": {\"fields\": [\"Haqq\\u0131m\\u0131zda m\\u0259lumat [az]\"]}}]"
    }
  },
  {
    "model": "admin.logentry",
    "pk": 94,
    "fields": {
      "action_time": "2024-12-12T11:26:37.007Z",
      "user": 13,
      "content_type": 20,
      "object_id": "1",
      "object_repr": "Allergic issue",
      "action_flag": 2,
      "change_message": "[{\"changed\": {\"fields\": [\"Servisin ad\\u0131 [az]\", \"Servisin ad\\u0131 [en]\", \"Servisin ad\\u0131 [ru]\", \"Q\\u0131sa m\\u0259lumat [az]\", \"Ba\\u015fl\\u0131q [az]\", \"Servis haqq\\u0131nda geni\\u015f m\\u0259lumat [az]\"]}}]"
    }
  },
  {
    "model": "admin.logentry",
    "pk": 95,
    "fields": {
      "action_time": "2024-12-12T11:27:13.841Z",
      "user": 13,
      "content_type": 20,
      "object_id": "1",
      "object_repr": "Allergic issue",
      "action_flag": 2,
      "change_message": "[{\"changed\": {\"fields\": [\"PNG\", \"Background color\"]}}]"
    }
  },
  {
    "model": "admin.logentry",
    "pk": 96,
    "fields": {
      "action_time": "2024-12-12T11:30:11.345Z",
      "user": 13,
      "content_type": 20,
      "object_id": "2",
      "object_repr": "Eye care",
      "action_flag": 1,
      "change_message": "[{\"added\": {}}]"
    }
  },
  {
    "model": "admin.logentry",
    "pk": 97,
    "fields": {
      "action_time": "2024-12-12T11:30:51.378Z",
      "user": 13,
      "content_type": 20,
      "object_id": "2",
      "object_repr": "Eye care",
      "action_flag": 2,
      "change_message": "[{\"changed\": {\"fields\": [\"Q\\u0131sa m\\u0259lumat [az]\"]}}]"
    }
  },
  {
    "model": "admin.logentry",
    "pk": 98,
    "fields": {
      "action_time": "2024-12-12T11:33:39.879Z",
      "user": 13,
      "content_type": 20,
      "object_id": "2",
      "object_repr": "Eye care",
      "action_flag": 2,
      "change_message": "[{\"changed\": {\"fields\": [\"Q\\u0131sa m\\u0259lumat [az]\"]}}]"
    }
  },
  {
    "model": "admin.logentry",
    "pk": 99,
    "fields": {
      "action_time": "2024-12-12T11:34:43.968Z",
      "user": 13,
      "content_type": 20,
      "object_id": "2",
      "object_repr": "Eye care",
      "action_flag": 2,
      "change_message": "[{\"changed\": {\"fields\": [\"Q\\u0131sa m\\u0259lumat [az]\"]}}]"
    }
  },
  {
    "model": "admin.logentry",
    "pk": 100,
    "fields": {
      "action_time": "2024-12-12T11:34:53.970Z",
      "user": 13,
      "content_type": 20,
      "object_id": "2",
      "object_repr": "Eye care",
      "action_flag": 2,
      "change_message": "[{\"changed\": {\"fields\": [\"Q\\u0131sa m\\u0259lumat [az]\"]}}]"
    }
  },
  {
    "model": "admin.logentry",
    "pk": 101,
    "fields": {
      "action_time": "2024-12-12T11:35:12.316Z",
      "user": 13,
      "content_type": 20,
      "object_id": "2",
      "object_repr": "Eye care",
      "action_flag": 2,
      "change_message": "[{\"changed\": {\"fields\": [\"Q\\u0131sa m\\u0259lumat [az]\"]}}]"
    }
  },
  {
    "model": "admin.logentry",
    "pk": 102,
    "fields": {
      "action_time": "2024-12-12T11:35:17.898Z",
      "user": 13,
      "content_type": 20,
      "object_id": "1",
      "object_repr": "Allergic issue",
      "action_flag": 2,
      "change_message": "[{\"changed\": {\"fields\": [\"Q\\u0131sa m\\u0259lumat [az]\"]}}]"
    }
  },
  {
    "model": "admin.logentry",
    "pk": 103,
    "fields": {
      "action_time": "2024-12-12T11:37:47.015Z",
      "user": 13,
      "content_type": 15,
      "object_id": "1",
      "object_repr": "Happy patients",
      "action_flag": 1,
      "change_message": "[{\"added\": {}}]"
    }
  },
  {
    "model": "admin.logentry",
    "pk": 104,
    "fields": {
      "action_time": "2024-12-12T11:39:29.447Z",
      "user": 13,
      "content_type": 15,
      "object_id": "2",
      "object_repr": "Expert doctors",
      "action_flag": 1,
      "change_message": "[{\"added\": {}}]"
    }
  },
  {
    "model": "admin.logentry",
    "pk": 105,
    "fields": {
      "action_time": "2024-12-12T11:40:02.022Z",
      "user": 13,
      "content_type": 15,
      "object_id": "3",
      "object_repr": "Hospital rooms",
      "action_flag": 1,
      "change_message": "[{\"added\": {}}]"
    }
  },
  {
    "model": "admin.logentry",
    "pk": 106,
    "fields": {
      "action_time": "2024-12-12T11:42:05.527Z",
      "user": 13,
      "content_type": 22,
      "object_id": "1",
      "object_repr": "Fastest Growing Clinic",
      "action_flag": 1,
      "change_message": "[{\"added\": {}}]"
    }
  },
  {
    "model": "admin.logentry",
    "pk": 107,
    "fields": {
      "action_time": "2024-12-12T11:42:48.530Z",
      "user": 13,
      "content_type": 22,
      "object_id": "2",
      "object_repr": "Fastest Growing Clinic trht",
      "action_flag": 1,
      "change_message": "[{\"added\": {}}]"
    }
  },
  {
    "model": "admin.logentry",
    "pk": 108,
    "fields": {
      "action_time": "2024-12-12T11:50:27.599Z",
      "user": 13,
      "content_type": 18,
      "object_id": "1",
      "object_repr": "Mary Fame-in rəyi",
      "action_flag": 2,
      "change_message": "[{\"changed\": {\"fields\": [\"M\\u00fc\\u015ft\\u0259rinin pe\\u015f\\u0259si [az]\", \"M\\u00fc\\u015ft\\u0259rinin pe\\u015f\\u0259si [en]\", \"M\\u00fc\\u015ft\\u0259rinin pe\\u015f\\u0259si [ru]\", \"M\\u00fc\\u015ft\\u0259ri r\\u0259yi [az]\", \"M\\u00fc\\u015ft\\u0259ri r\\u0259yi [en]\", \"M\\u00fc\\u015ft\\u0259ri r\\u0259yi [ru]\"]}}]"
    }
  },
  {
    "model": "admin.logentry",
    "pk": 109,
    "fields": {
      "action_time": "2024-12-12T11:51:55.495Z",
      "user": 13,
      "content_type": 18,
      "object_id": "2",
      "object_repr": "Anna Kare-in rəyi",
      "action_flag": 1,
      "change_message": "[{\"added\": {}}]"
    }
  },
  {
    "model": "admin.logentry",
    "pk": 110,
    "fields": {
      "action_time": "2024-12-12T11:54:56.296Z",
      "user": 13,
      "content_type": 18,
      "object_id": "1",
      "object_repr": "Mary Fame-in rəyi",
      "action_flag": 2,
      "change_message": "[{\"changed\": {\"fields\": [\"M\\u00fc\\u015ft\\u0259ri r\\u0259yi [az]\", \"M\\u00fc\\u015ft\\u0259ri r\\u0259yi [en]\", \"M\\u00fc\\u015ft\\u0259ri r\\u0259yi [ru]\"]}}]"
    }
  },
  {
    "model": "admin.logentry",
    "pk": 111,
    "fields": {
      "action_time": "2024-12-12T11:55:29.796Z",
      "user": 13,
      "content_type": 18,
      "object_id": "2",
      "object_repr": "Anna Kare-in rəyi",
      "action_flag": 2,
      "change_message": "[{\"changed\": {\"fields\": [\"M\\u00fc\\u015ft\\u0259ri r\\u0259yi [az]\", \"M\\u00fc\\u015ft\\u0259ri r\\u0259yi [en]\", \"M\\u00fc\\u015ft\\u0259ri r\\u0259yi [ru]\"]}}]"
    }
  },
  {
    "model": "admin.logentry",
    "pk": 112,
    "fields": {
      "action_time": "2024-12-12T11:55:58.172Z",
      "user": 13,
      "content_type": 18,
      "object_id": "3",
      "object_repr": "Anna Kare-in rəyi",
      "action_flag": 1,
      "change_message": "[{\"added\": {}}]"
    }
  },
  {
    "model": "admin.logentry",
    "pk": 113,
    "fields": {
      "action_time": "2024-12-12T11:57:42.517Z",
      "user": 13,
      "content_type": 6,
      "object_id": "2",
      "object_repr": "category 1",
      "action_flag": 1,
      "change_message": "[{\"added\": {}}]"
    }
  },
  {
    "model": "admin.logentry",
    "pk": 114,
    "fields": {
      "action_time": "2024-12-12T11:57:51.370Z",
      "user": 13,
      "content_type": 8,
      "object_id": "4",
      "object_repr": "Teq 1",
      "action_flag": 1,
      "change_message": "[{\"added\": {}}]"
    }
  },
  {
    "model": "admin.logentry",
    "pk": 115,
    "fields": {
      "action_time": "2024-12-12T11:57:55.351Z",
      "user": 13,
      "content_type": 9,
      "object_id": "3",
      "object_repr": "Lorem ipsum dolor sit amet,",
      "action_flag": 2,
      "change_message": "[{\"changed\": {\"fields\": [\"M\\u0259qal\\u0259 ba\\u015fl\\u0131\\u011f\\u0131 [az]\", \"M\\u0259qal\\u0259 ba\\u015fl\\u0131\\u011f\\u0131 [en]\", \"Q\\u0131sa m\\u0259zmun [az]\", \"M\\u0259qal\\u0259 m\\u0259tni [az]\", \"Kateqoriya\", \"Teq\"]}}]"
    }
  },
  {
    "model": "admin.logentry",
    "pk": 116,
    "fields": {
      "action_time": "2024-12-12T11:58:28.603Z",
      "user": 13,
      "content_type": 9,
      "object_id": "2",
      "object_repr": "Lorem ipsum dolor sit amet, 3t43",
      "action_flag": 2,
      "change_message": "[{\"changed\": {\"fields\": [\"M\\u0259qal\\u0259 ba\\u015fl\\u0131\\u011f\\u0131 [az]\", \"Q\\u0131sa m\\u0259zmun [az]\", \"M\\u0259qal\\u0259 m\\u0259tni [az]\", \"Kateqoriya\", \"Teq\"]}}]"
    }
  },
  {
    "model": "admin.logentry",
    "pk": 117,
    "fields": {
      "action_time": "2024-12-12T11:58:44.556Z",
      "user": 13,
      "content_type": 9,
      "object_id": "1",
      "object_repr": "3t343t3",
      "action_flag": 2,
      "change_message": "[{\"changed\": {\"fields\": [\"M\\u0259qal\\u0259 ba\\u015fl\\u0131\\u011f\\u0131 [az]\", \"Q\\u0131sa m\\u0259zmun [az]\", \"M\\u0259qal\\u0259 m\\u0259tni [az]\", \"Kateqoriya\", \"Teq\"]}}]"
    }
  },
  {
    "model": "admin.logentry",
    "pk": 118,
    "fields": {
      "action_time": "2024-12-12T11:59:06.552Z",
      "user": 13,
      "content_type": 9,
      "object_id": "2",
      "object_repr": "Lorem ipsum dolor sit amet, 3t43",
      "action_flag": 2,
      "change_message": "[{\"changed\": {\"fields\": [\"Cover foto\"]}}]"
    }
  },
  {
    "model": "admin.logentry",
    "pk": 119,
    "fields": {
      "action_time": "2024-12-12T11:59:18.604Z",
      "user": 13,
      "content_type": 9,
      "object_id": "3",
      "object_repr": "Lorem ipsum dolor sit amet,",
      "action_flag": 2,
      "change_message": "[{\"changed\": {\"fields\": [\"Cover foto\"]}}]"
    }
  },
  {
    "model": "admin.logentry",
    "pk": 120,
    "fields": {
      "action_time": "2024-12-12T11:59:31.208Z",
      "user": 13,
      "content_type": 9,
      "object_id": "3",
      "object_repr": "Lorem ipsum dolor sit amet,",
      "action_flag": 2,
      "change_message": "[{\"changed\": {\"fields\": [\"Kateqoriya\"]}}]"
    }
  },
  {
    "model": "admin.logentry",
    "pk": 121,
    "fields": {
      "action_time": "2024-12-12T12:01:12.623Z",
      "user": 13,
      "content_type": 9,
      "object_id": "4",
      "object_repr": "t4t3t34Lorem ipsum dolor sit amet,",
      "action_flag": 1,
      "change_message": "[{\"added\": {}}]"
    }
  },
  {
    "model": "admin.logentry",
    "pk": 122,
    "fields": {
      "action_time": "2024-12-12T12:03:08.967Z",
      "user": 13,
      "content_type": 6,
      "object_id": "1",
      "object_repr": "",
      "action_flag": 3,
      "change_message": ""
    }
  },
  {
    "model": "admin.logentry",
    "pk": 123,
    "fields": {
      "action_time": "2024-12-12T12:03:17.702Z",
      "user": 13,
      "content_type": 8,
      "object_id": "3",
      "object_repr": "",
      "action_flag": 3,
      "change_message": ""
    }
  },
  {
    "model": "admin.logentry",
    "pk": 124,
    "fields": {
      "action_time": "2024-12-12T12:03:30.183Z",
      "user": 13,
      "content_type": 6,
      "object_id": "3",
      "object_repr": "Development",
      "action_flag": 1,
      "change_message": "[{\"added\": {}}]"
    }
  },
  {
    "model": "admin.logentry",
    "pk": 125,
    "fields": {
      "action_time": "2024-12-12T12:03:42.893Z",
      "user": 13,
      "content_type": 8,
      "object_id": "5",
      "object_repr": "Teq2",
      "action_flag": 1,
      "change_message": "[{\"added\": {}}]"
    }
  },
  {
    "model": "admin.logentry",
    "pk": 126,
    "fields": {
      "action_time": "2024-12-12T12:03:47.140Z",
      "user": 13,
      "content_type": 9,
      "object_id": "4",
      "object_repr": "t4t3t34Lorem ipsum dolor sit amet,",
      "action_flag": 2,
      "change_message": "[{\"changed\": {\"fields\": [\"Kateqoriya\", \"Teq\"]}}]"
    }
  },
  {
    "model": "auth.permission",
    "pk": 1,
    "fields": {
      "name": "Can add log entry",
      "content_type": 1,
      "codename": "add_logentry"
    }
  },
  {
    "model": "auth.permission",
    "pk": 2,
    "fields": {
      "name": "Can change log entry",
      "content_type": 1,
      "codename": "change_logentry"
    }
  },
  {
    "model": "auth.permission",
    "pk": 3,
    "fields": {
      "name": "Can delete log entry",
      "content_type": 1,
      "codename": "delete_logentry"
    }
  },
  {
    "model": "auth.permission",
    "pk": 4,
    "fields": {
      "name": "Can view log entry",
      "content_type": 1,
      "codename": "view_logentry"
    }
  },
  {
    "model": "auth.permission",
    "pk": 5,
    "fields": {
      "name": "Can add permission",
      "content_type": 2,
      "codename": "add_permission"
    }
  },
  {
    "model": "auth.permission",
    "pk": 6,
    "fields": {
      "name": "Can change permission",
      "content_type": 2,
      "codename": "change_permission"
    }
  },
  {
    "model": "auth.permission",
    "pk": 7,
    "fields": {
      "name": "Can delete permission",
      "content_type": 2,
      "codename": "delete_permission"
    }
  },
  {
    "model": "auth.permission",
    "pk": 8,
    "fields": {
      "name": "Can view permission",
      "content_type": 2,
      "codename": "view_permission"
    }
  },
  {
    "model": "auth.permission",
    "pk": 9,
    "fields": {
      "name": "Can add group",
      "content_type": 3,
      "codename": "add_group"
    }
  },
  {
    "model": "auth.permission",
    "pk": 10,
    "fields": {
      "name": "Can change group",
      "content_type": 3,
      "codename": "change_group"
    }
  },
  {
    "model": "auth.permission",
    "pk": 11,
    "fields": {
      "name": "Can delete group",
      "content_type": 3,
      "codename": "delete_group"
    }
  },
  {
    "model": "auth.permission",
    "pk": 12,
    "fields": {
      "name": "Can view group",
      "content_type": 3,
      "codename": "view_group"
    }
  },
  {
    "model": "auth.permission",
    "pk": 13,
    "fields": {
      "name": "Can add content type",
      "content_type": 4,
      "codename": "add_contenttype"
    }
  },
  {
    "model": "auth.permission",
    "pk": 14,
    "fields": {
      "name": "Can change content type",
      "content_type": 4,
      "codename": "change_contenttype"
    }
  },
  {
    "model": "auth.permission",
    "pk": 15,
    "fields": {
      "name": "Can delete content type",
      "content_type": 4,
      "codename": "delete_contenttype"
    }
  },
  {
    "model": "auth.permission",
    "pk": 16,
    "fields": {
      "name": "Can view content type",
      "content_type": 4,
      "codename": "view_contenttype"
    }
  },
  {
    "model": "auth.permission",
    "pk": 17,
    "fields": {
      "name": "Can add session",
      "content_type": 5,
      "codename": "add_session"
    }
  },
  {
    "model": "auth.permission",
    "pk": 18,
    "fields": {
      "name": "Can change session",
      "content_type": 5,
      "codename": "change_session"
    }
  },
  {
    "model": "auth.permission",
    "pk": 19,
    "fields": {
      "name": "Can delete session",
      "content_type": 5,
      "codename": "delete_session"
    }
  },
  {
    "model": "auth.permission",
    "pk": 20,
    "fields": {
      "name": "Can view session",
      "content_type": 5,
      "codename": "view_session"
    }
  },
  {
    "model": "auth.permission",
    "pk": 21,
    "fields": {
      "name": "Can add Məqalə kateqoriyası",
      "content_type": 6,
      "codename": "add_category"
    }
  },
  {
    "model": "auth.permission",
    "pk": 22,
    "fields": {
      "name": "Can change Məqalə kateqoriyası",
      "content_type": 6,
      "codename": "change_category"
    }
  },
  {
    "model": "auth.permission",
    "pk": 23,
    "fields": {
      "name": "Can delete Məqalə kateqoriyası",
      "content_type": 6,
      "codename": "delete_category"
    }
  },
  {
    "model": "auth.permission",
    "pk": 24,
    "fields": {
      "name": "Can view Məqalə kateqoriyası",
      "content_type": 6,
      "codename": "view_category"
    }
  },
  {
    "model": "auth.permission",
    "pk": 25,
    "fields": {
      "name": "Can add IP ünvanı",
      "content_type": 7,
      "codename": "add_ip"
    }
  },
  {
    "model": "auth.permission",
    "pk": 26,
    "fields": {
      "name": "Can change IP ünvanı",
      "content_type": 7,
      "codename": "change_ip"
    }
  },
  {
    "model": "auth.permission",
    "pk": 27,
    "fields": {
      "name": "Can delete IP ünvanı",
      "content_type": 7,
      "codename": "delete_ip"
    }
  },
  {
    "model": "auth.permission",
    "pk": 28,
    "fields": {
      "name": "Can view IP ünvanı",
      "content_type": 7,
      "codename": "view_ip"
    }
  },
  {
    "model": "auth.permission",
    "pk": 29,
    "fields": {
      "name": "Can add Məqalə teqi",
      "content_type": 8,
      "codename": "add_tag"
    }
  },
  {
    "model": "auth.permission",
    "pk": 30,
    "fields": {
      "name": "Can change Məqalə teqi",
      "content_type": 8,
      "codename": "change_tag"
    }
  },
  {
    "model": "auth.permission",
    "pk": 31,
    "fields": {
      "name": "Can delete Məqalə teqi",
      "content_type": 8,
      "codename": "delete_tag"
    }
  },
  {
    "model": "auth.permission",
    "pk": 32,
    "fields": {
      "name": "Can view Məqalə teqi",
      "content_type": 8,
      "codename": "view_tag"
    }
  },
  {
    "model": "auth.permission",
    "pk": 33,
    "fields": {
      "name": "Can add Məqalə",
      "content_type": 9,
      "codename": "add_blog"
    }
  },
  {
    "model": "auth.permission",
    "pk": 34,
    "fields": {
      "name": "Can change Məqalə",
      "content_type": 9,
      "codename": "change_blog"
    }
  },
  {
    "model": "auth.permission",
    "pk": 35,
    "fields": {
      "name": "Can delete Məqalə",
      "content_type": 9,
      "codename": "delete_blog"
    }
  },
  {
    "model": "auth.permission",
    "pk": 36,
    "fields": {
      "name": "Can view Məqalə",
      "content_type": 9,
      "codename": "view_blog"
    }
  },
  {
    "model": "auth.permission",
    "pk": 37,
    "fields": {
      "name": "Can add Məqalə rəyi",
      "content_type": 10,
      "codename": "add_comment"
    }
  },
  {
    "model": "auth.permission",
    "pk": 38,
    "fields": {
      "name": "Can change Məqalə rəyi",
      "content_type": 10,
      "codename": "change_comment"
    }
  },
  {
    "model": "auth.permission",
    "pk": 39,
    "fields": {
      "name": "Can delete Məqalə rəyi",
      "content_type": 10,
      "codename": "delete_comment"
    }
  },
  {
    "model": "auth.permission",
    "pk": 40,
    "fields": {
      "name": "Can view Məqalə rəyi",
      "content_type": 10,
      "codename": "view_comment"
    }
  },
  {
    "model": "auth.permission",
    "pk": 41,
    "fields": {
      "name": "Can add Abunə",
      "content_type": 11,
      "codename": "add_newsletter"
    }
  },
  {
    "model": "auth.permission",
    "pk": 42,
    "fields": {
      "name": "Can change Abunə",
      "content_type": 11,
      "codename": "change_newsletter"
    }
  },
  {
    "model": "auth.permission",
    "pk": 43,
    "fields": {
      "name": "Can delete Abunə",
      "content_type": 11,
      "codename": "delete_newsletter"
    }
  },
  {
    "model": "auth.permission",
    "pk": 44,
    "fields": {
      "name": "Can view Abunə",
      "content_type": 11,
      "codename": "view_newsletter"
    }
  },
  {
    "model": "auth.permission",
    "pk": 45,
    "fields": {
      "name": "Can add Mesaj",
      "content_type": 12,
      "codename": "add_contact"
    }
  },
  {
    "model": "auth.permission",
    "pk": 46,
    "fields": {
      "name": "Can change Mesaj",
      "content_type": 12,
      "codename": "change_contact"
    }
  },
  {
    "model": "auth.permission",
    "pk": 47,
    "fields": {
      "name": "Can delete Mesaj",
      "content_type": 12,
      "codename": "delete_contact"
    }
  },
  {
    "model": "auth.permission",
    "pk": 48,
    "fields": {
      "name": "Can view Mesaj",
      "content_type": 12,
      "codename": "view_contact"
    }
  },
  {
    "model": "auth.permission",
    "pk": 49,
    "fields": {
      "name": "Can add Tez-tez verilən sual",
      "content_type": 13,
      "codename": "add_faq"
    }
  },
  {
    "model": "auth.permission",
    "pk": 50,
    "fields": {
      "name": "Can change Tez-tez verilən sual",
      "content_type": 13,
      "codename": "change_faq"
    }
  },
  {
    "model": "auth.permission",
    "pk": 51,
    "fields": {
      "name": "Can delete Tez-tez verilən sual",
      "content_type": 13,
      "codename": "delete_faq"
    }
  },
  {
    "model": "auth.permission",
    "pk": 52,
    "fields": {
      "name": "Can view Tez-tez verilən sual",
      "content_type": 13,
      "codename": "view_faq"
    }
  },
  {
    "model": "auth.permission",
    "pk": 53,
    "fields": {
      "name": "Can add Site Setting",
      "content_type": 14,
      "codename": "add_sitesettings"
    }
  },
  {
    "model": "auth.permission",
    "pk": 54,
    "fields": {
      "name": "Can change Site Setting",
      "content_type": 14,
      "codename": "change_sitesettings"
    }
  },
  {
    "model": "auth.permission",
    "pk": 55,
    "fields": {
      "name": "Can delete Site Setting",
      "content_type": 14,
      "codename": "delete_sitesettings"
    }
  },
  {
    "model": "auth.permission",
    "pk": 56,
    "fields": {
      "name": "Can view Site Setting",
      "content_type": 14,
      "codename": "view_sitesettings"
    }
  },
  {
    "model": "auth.permission",
    "pk": 57,
    "fields": {
      "name": "Can add Statistika",
      "content_type": 15,
      "codename": "add_statisticalindicator"
    }
  },
  {
    "model": "auth.permission",
    "pk": 58,
    "fields": {
      "name": "Can change Statistika",
      "content_type": 15,
      "codename": "change_statisticalindicator"
    }
  },
  {
    "model": "auth.permission",
    "pk": 59,
    "fields": {
      "name": "Can delete Statistika",
      "content_type": 15,
      "codename": "delete_statisticalindicator"
    }
  },
  {
    "model": "auth.permission",
    "pk": 60,
    "fields": {
      "name": "Can view Statistika",
      "content_type": 15,
      "codename": "view_statisticalindicator"
    }
  },
  {
    "model": "auth.permission",
    "pk": 61,
    "fields": {
      "name": "Can add Haqqımızda",
      "content_type": 16,
      "codename": "add_aboutus"
    }
  },
  {
    "model": "auth.permission",
    "pk": 62,
    "fields": {
      "name": "Can change Haqqımızda",
      "content_type": 16,
      "codename": "change_aboutus"
    }
  },
  {
    "model": "auth.permission",
    "pk": 63,
    "fields": {
      "name": "Can delete Haqqımızda",
      "content_type": 16,
      "codename": "delete_aboutus"
    }
  },
  {
    "model": "auth.permission",
    "pk": 64,
    "fields": {
      "name": "Can view Haqqımızda",
      "content_type": 16,
      "codename": "view_aboutus"
    }
  },
  {
    "model": "auth.permission",
    "pk": 65,
    "fields": {
      "name": "Can add Biz kimik",
      "content_type": 17,
      "codename": "add_whoweare"
    }
  },
  {
    "model": "auth.permission",
    "pk": 66,
    "fields": {
      "name": "Can change Biz kimik",
      "content_type": 17,
      "codename": "change_whoweare"
    }
  },
  {
    "model": "auth.permission",
    "pk": 67,
    "fields": {
      "name": "Can delete Biz kimik",
      "content_type": 17,
      "codename": "delete_whoweare"
    }
  },
  {
    "model": "auth.permission",
    "pk": 68,
    "fields": {
      "name": "Can view Biz kimik",
      "content_type": 17,
      "codename": "view_whoweare"
    }
  },
  {
    "model": "auth.permission",
    "pk": 69,
    "fields": {
      "name": "Can add Müştəri rəyi",
      "content_type": 18,
      "codename": "add_testimoinal"
    }
  },
  {
    "model": "auth.permission",
    "pk": 70,
    "fields": {
      "name": "Can change Müştəri rəyi",
      "content_type": 18,
      "codename": "change_testimoinal"
    }
  },
  {
    "model": "auth.permission",
    "pk": 71,
    "fields": {
      "name": "Can delete Müştəri rəyi",
      "content_type": 18,
      "codename": "delete_testimoinal"
    }
  },
  {
    "model": "auth.permission",
    "pk": 72,
    "fields": {
      "name": "Can view Müştəri rəyi",
      "content_type": 18,
      "codename": "view_testimoinal"
    }
  },
  {
    "model": "auth.permission",
    "pk": 73,
    "fields": {
      "name": "Can add Banner",
      "content_type": 19,
      "codename": "add_banner"
    }
  },
  {
    "model": "auth.permission",
    "pk": 74,
    "fields": {
      "name": "Can change Banner",
      "content_type": 19,
      "codename": "change_banner"
    }
  },
  {
    "model": "auth.permission",
    "pk": 75,
    "fields": {
      "name": "Can delete Banner",
      "content_type": 19,
      "codename": "delete_banner"
    }
  },
  {
    "model": "auth.permission",
    "pk": 76,
    "fields": {
      "name": "Can view Banner",
      "content_type": 19,
      "codename": "view_banner"
    }
  },
  {
    "model": "auth.permission",
    "pk": 77,
    "fields": {
      "name": "Can add Xidmət",
      "content_type": 20,
      "codename": "add_service"
    }
  },
  {
    "model": "auth.permission",
    "pk": 78,
    "fields": {
      "name": "Can change Xidmət",
      "content_type": 20,
      "codename": "change_service"
    }
  },
  {
    "model": "auth.permission",
    "pk": 79,
    "fields": {
      "name": "Can delete Xidmət",
      "content_type": 20,
      "codename": "delete_service"
    }
  },
  {
    "model": "auth.permission",
    "pk": 80,
    "fields": {
      "name": "Can view Xidmət",
      "content_type": 20,
      "codename": "view_service"
    }
  },
  {
    "model": "auth.permission",
    "pk": 81,
    "fields": {
      "name": "Can add Endirmə",
      "content_type": 21,
      "codename": "add_download"
    }
  },
  {
    "model": "auth.permission",
    "pk": 82,
    "fields": {
      "name": "Can change Endirmə",
      "content_type": 21,
      "codename": "change_download"
    }
  },
  {
    "model": "auth.permission",
    "pk": 83,
    "fields": {
      "name": "Can delete Endirmə",
      "content_type": 21,
      "codename": "delete_download"
    }
  },
  {
    "model": "auth.permission",
    "pk": 84,
    "fields": {
      "name": "Can view Endirmə",
      "content_type": 21,
      "codename": "view_download"
    }
  },
  {
    "model": "auth.permission",
    "pk": 85,
    "fields": {
      "name": "Can add Nə üçün biz?",
      "content_type": 22,
      "codename": "add_whychooseus"
    }
  },
  {
    "model": "auth.permission",
    "pk": 86,
    "fields": {
      "name": "Can change Nə üçün biz?",
      "content_type": 22,
      "codename": "change_whychooseus"
    }
  },
  {
    "model": "auth.permission",
    "pk": 87,
    "fields": {
      "name": "Can delete Nə üçün biz?",
      "content_type": 22,
      "codename": "delete_whychooseus"
    }
  },
  {
    "model": "auth.permission",
    "pk": 88,
    "fields": {
      "name": "Can view Nə üçün biz?",
      "content_type": 22,
      "codename": "view_whychooseus"
    }
  },
  {
    "model": "auth.permission",
    "pk": 89,
    "fields": {
      "name": "Can add Əməkdaş",
      "content_type": 23,
      "codename": "add_coworker"
    }
  },
  {
    "model": "auth.permission",
    "pk": 90,
    "fields": {
      "name": "Can change Əməkdaş",
      "content_type": 23,
      "codename": "change_coworker"
    }
  },
  {
    "model": "auth.permission",
    "pk": 91,
    "fields": {
      "name": "Can delete Əməkdaş",
      "content_type": 23,
      "codename": "delete_coworker"
    }
  },
  {
    "model": "auth.permission",
    "pk": 92,
    "fields": {
      "name": "Can view Əməkdaş",
      "content_type": 23,
      "codename": "view_coworker"
    }
  },
  {
    "model": "auth.permission",
    "pk": 93,
    "fields": {
      "name": "Can add Rezervasiya üçün uyğun vaxt",
      "content_type": 24,
      "codename": "add_timetable"
    }
  },
  {
    "model": "auth.permission",
    "pk": 94,
    "fields": {
      "name": "Can change Rezervasiya üçün uyğun vaxt",
      "content_type": 24,
      "codename": "change_timetable"
    }
  },
  {
    "model": "auth.permission",
    "pk": 95,
    "fields": {
      "name": "Can delete Rezervasiya üçün uyğun vaxt",
      "content_type": 24,
      "codename": "delete_timetable"
    }
  },
  {
    "model": "auth.permission",
    "pk": 96,
    "fields": {
      "name": "Can view Rezervasiya üçün uyğun vaxt",
      "content_type": 24,
      "codename": "view_timetable"
    }
  },
  {
    "model": "auth.permission",
    "pk": 97,
    "fields": {
      "name": "Can add Rezervasiya",
      "content_type": 25,
      "codename": "add_appointment"
    }
  },
  {
    "model": "auth.permission",
    "pk": 98,
    "fields": {
      "name": "Can change Rezervasiya",
      "content_type": 25,
      "codename": "change_appointment"
    }
  },
  {
    "model": "auth.permission",
    "pk": 99,
    "fields": {
      "name": "Can delete Rezervasiya",
      "content_type": 25,
      "codename": "delete_appointment"
    }
  },
  {
    "model": "auth.permission",
    "pk": 100,
    "fields": {
      "name": "Can view Rezervasiya",
      "content_type": 25,
      "codename": "view_appointment"
    }
  },
  {
    "model": "auth.permission",
    "pk": 101,
    "fields": {
      "name": "Can add İstifadəçi",
      "content_type": 26,
      "codename": "add_customuser"
    }
  },
  {
    "model": "auth.permission",
    "pk": 102,
    "fields": {
      "name": "Can change İstifadəçi",
      "content_type": 26,
      "codename": "change_customuser"
    }
  },
  {
    "model": "auth.permission",
    "pk": 103,
    "fields": {
      "name": "Can delete İstifadəçi",
      "content_type": 26,
      "codename": "delete_customuser"
    }
  },
  {
    "model": "auth.permission",
    "pk": 104,
    "fields": {
      "name": "Can view İstifadəçi",
      "content_type": 26,
      "codename": "view_customuser"
    }
  },
  {
    "model": "auth.permission",
    "pk": 105,
    "fields": {
      "name": "Can add user",
      "content_type": 27,
      "codename": "add_user"
    }
  },
  {
    "model": "auth.permission",
    "pk": 106,
    "fields": {
      "name": "Can change user",
      "content_type": 27,
      "codename": "change_user"
    }
  },
  {
    "model": "auth.permission",
    "pk": 107,
    "fields": {
      "name": "Can delete user",
      "content_type": 27,
      "codename": "delete_user"
    }
  },
  {
    "model": "auth.permission",
    "pk": 108,
    "fields": {
      "name": "Can view user",
      "content_type": 27,
      "codename": "view_user"
    }
  },
  {
    "model": "contenttypes.contenttype",
    "pk": 1,
    "fields": { "app_label": "admin", "model": "logentry" }
  },
  {
    "model": "contenttypes.contenttype",
    "pk": 2,
    "fields": { "app_label": "auth", "model": "permission" }
  },
  {
    "model": "contenttypes.contenttype",
    "pk": 3,
    "fields": { "app_label": "auth", "model": "group" }
  },
  {
    "model": "contenttypes.contenttype",
    "pk": 4,
    "fields": { "app_label": "contenttypes", "model": "contenttype" }
  },
  {
    "model": "contenttypes.contenttype",
    "pk": 5,
    "fields": { "app_label": "sessions", "model": "session" }
  },
  {
    "model": "contenttypes.contenttype",
    "pk": 6,
    "fields": { "app_label": "blog", "model": "category" }
  },
  {
    "model": "contenttypes.contenttype",
    "pk": 7,
    "fields": { "app_label": "blog", "model": "ip" }
  },
  {
    "model": "contenttypes.contenttype",
    "pk": 8,
    "fields": { "app_label": "blog", "model": "tag" }
  },
  {
    "model": "contenttypes.contenttype",
    "pk": 9,
    "fields": { "app_label": "blog", "model": "blog" }
  },
  {
    "model": "contenttypes.contenttype",
    "pk": 10,
    "fields": { "app_label": "blog", "model": "comment" }
  },
  {
    "model": "contenttypes.contenttype",
    "pk": 11,
    "fields": { "app_label": "core", "model": "newsletter" }
  },
  {
    "model": "contenttypes.contenttype",
    "pk": 12,
    "fields": { "app_label": "core", "model": "contact" }
  },
  {
    "model": "contenttypes.contenttype",
    "pk": 13,
    "fields": { "app_label": "core", "model": "faq" }
  },
  {
    "model": "contenttypes.contenttype",
    "pk": 14,
    "fields": { "app_label": "core", "model": "sitesettings" }
  },
  {
    "model": "contenttypes.contenttype",
    "pk": 15,
    "fields": { "app_label": "core", "model": "statisticalindicator" }
  },
  {
    "model": "contenttypes.contenttype",
    "pk": 16,
    "fields": { "app_label": "core", "model": "aboutus" }
  },
  {
    "model": "contenttypes.contenttype",
    "pk": 17,
    "fields": { "app_label": "core", "model": "whoweare" }
  },
  {
    "model": "contenttypes.contenttype",
    "pk": 18,
    "fields": { "app_label": "core", "model": "testimoinal" }
  },
  {
    "model": "contenttypes.contenttype",
    "pk": 19,
    "fields": { "app_label": "core", "model": "banner" }
  },
  {
    "model": "contenttypes.contenttype",
    "pk": 20,
    "fields": { "app_label": "service", "model": "service" }
  },
  {
    "model": "contenttypes.contenttype",
    "pk": 21,
    "fields": { "app_label": "service", "model": "download" }
  },
  {
    "model": "contenttypes.contenttype",
    "pk": 22,
    "fields": { "app_label": "service", "model": "whychooseus" }
  },
  {
    "model": "contenttypes.contenttype",
    "pk": 23,
    "fields": { "app_label": "service", "model": "coworker" }
  },
  {
    "model": "contenttypes.contenttype",
    "pk": 24,
    "fields": { "app_label": "appointment", "model": "timetable" }
  },
  {
    "model": "contenttypes.contenttype",
    "pk": 25,
    "fields": { "app_label": "appointment", "model": "appointment" }
  },
  {
    "model": "contenttypes.contenttype",
    "pk": 26,
    "fields": { "app_label": "user", "model": "customuser" }
  },
  {
    "model": "contenttypes.contenttype",
    "pk": 27,
    "fields": { "app_label": "auth", "model": "user" }
  },
  {
    "model": "sessions.session",
    "pk": "8vf1tkl4e88bqscsxe3hzlgsr4inm62z",
    "fields": {
      "session_data": ".eJxVjDsOwjAQBe_iGlnxNw4lPWew1utdHEC2FCcV4u4QKQW0b2beS0TY1hK3TkucszgLrcTpd0yAD6o7yXeotyax1XWZk9wVedAury3T83K4fwcFevnWjiFBMt6RGUgny2goKLAEjJoDZfbWTKjYTeiT0Zy9HoH84NyYEYJ4fwA_KTlU:1tGMOX:kd_J4cy-wAzgnU9jKpeW4zhcOMdSSUVVx-G9C5h34jE",
      "expire_date": "2024-12-11T18:04:09.769Z"
    }
  },
  {
    "model": "sessions.session",
    "pk": "b35sce8ycjrvio3mznn9l5es5pbtoz4a",
    "fields": {
      "session_data": ".eJxVjDsOwjAQBe_iGlnxNw4lPWew1utdHEC2FCcV4u4QKQW0b2beS0TY1hK3TkucszgLrcTpd0yAD6o7yXeotyax1XWZk9wVedAury3T83K4fwcFevnWjiFBMt6RGUgny2goKLAEjJoDZfbWTKjYTeiT0Zy9HoH84NyYEYJ4fwA_KTlU:1tGMNj:JyKx6h80FBhuzJJva9r1VK0yNPLKhCkq5-bvPfDc-F8",
      "expire_date": "2024-12-11T18:03:19.886Z"
    }
  },
  {
    "model": "sessions.session",
    "pk": "dp2crhg1lj8lervb169xrq3ckyppg78c",
    "fields": {
      "session_data": ".eJxVjDsOwjAQBe_iGlnxNw4lPWew1utdHEC2FCcV4u4QKQW0b2beS0TY1hK3TkucszgLrcTpd0yAD6o7yXeotyax1XWZk9wVedAury3T83K4fwcFevnWjiFBMt6RGUgny2goKLAEjJoDZfbWTKjYTeiT0Zy9HoH84NyYEYJ4fwA_KTlU:1tGMWU:bM7HA0L4tOIs2lUhHVnElcjTZfg7AQdXaAAiSMXa5VE",
      "expire_date": "2024-12-11T18:12:22.540Z"
    }
  },
  {
    "model": "sessions.session",
    "pk": "vmx4yne0rsviqvitzgpd8rmmbvh7f456",
    "fields": {
      "session_data": ".eJxVjDsOwjAQRO_iGln-sWtT0nMGa_3DAWRLcVIh7k4ipYBuNO_NvJmndal-HXn2U2IXJjU7_ZaB4jO3naQHtXvnsbdlngLfFX7QwW895df1cP8OKo26rZWA4gyKgMYikIiyFIuowcWiVdgiWBBCZZIEDowLJSU0gbTEfM6Ofb7f8zdk:1tLntp:jJpbLaUobDZhvHikzr6QEwwHnbmGzXQPmfZ7DZOGCg8",
      "expire_date": "2024-12-26T18:26:57.184Z"
    }
  },
  {
    "model": "sessions.session",
    "pk": "zp6j049nnyi6tes5aqoil1o7dqdvul1r",
    "fields": {
      "session_data": ".eJxVjDsOwjAQBe_iGlnxNw4lPWew1utdHEC2FCcV4u4QKQW0b2beS0TY1hK3TkucszgLrcTpd0yAD6o7yXeotyax1XWZk9wVedAury3T83K4fwcFevnWjiFBMt6RGUgny2goKLAEjJoDZfbWTKjYTeiT0Zy9HoH84NyYEYJ4fwA_KTlU:1tGMX1:KgqDZMbKdIj5dJk0ojHIgq2dIXsTLtrdmyu3eEYp6ww",
      "expire_date": "2024-12-11T18:12:55.955Z"
    }
  },
  {
    "model": "blog.category",
    "pk": 2,
    "fields": {
      "created_at": "2024-12-12T11:57:42.515Z",
      "updated_at": "2024-12-12T11:57:42.515Z",
      "name": "category 1",
      "name_az": "category 1",
      "name_en": null,
      "name_ru": null,
      "slug": "category-1"
    }
  },
  {
    "model": "blog.category",
    "pk": 3,
    "fields": {
      "created_at": "2024-12-12T12:03:30.181Z",
      "updated_at": "2024-12-12T12:03:30.181Z",
      "name": "Development",
      "name_az": "Development",
      "name_en": null,
      "name_ru": null,
      "slug": "development"
    }
  },
  {
    "model": "blog.ip",
    "pk": 1,
    "fields": {
      "created_at": "2024-11-28T15:02:38.653Z",
      "updated_at": "2024-11-28T15:02:38.653Z",
      "view_ip": "127.0.0.1"
    }
  },
  {
    "model": "blog.tag",
    "pk": 4,
    "fields": {
      "created_at": "2024-12-12T11:57:51.368Z",
      "updated_at": "2024-12-12T11:57:51.368Z",
      "name": "Teq 1",
      "name_az": "Teq 1",
      "name_en": null,
      "name_ru": null,
      "slug": "teq-1"
    }
  },
  {
    "model": "blog.tag",
    "pk": 5,
    "fields": {
      "created_at": "2024-12-12T12:03:42.891Z",
      "updated_at": "2024-12-12T12:03:42.891Z",
      "name": "Teq2",
      "name_az": "Teq2",
      "name_en": null,
      "name_ru": null,
      "slug": "teq2"
    }
  },
  {
    "model": "blog.blog",
    "pk": 1,
    "fields": {
      "created_at": "2024-11-28T14:58:48.841Z",
      "updated_at": "2024-12-12T11:58:44.539Z",
      "title": "3t343t3",
      "title_az": "3t343t3",
      "title_en": null,
      "title_ru": null,
      "short_description": "3tt3t3",
      "short_description_az": "3tt3t3",
      "short_description_en": null,
      "short_description_ru": null,
      "content": "<p>t333333333333333333333333333</p>",
      "content_az": "<p>t333333333333333333333333333</p>",
      "content_en": "",
      "content_ru": "",
      "image": "blogs/blog-grid4_mtTK2Re.jpg",
      "slug": "things-you-may-not-know-about-medicaid-den",
      "author": 13,
      "view_count": 1,
      "status": "PB",
      "published_at": "2024-11-28T14:58:48.841Z",
      "category": [2],
      "tag": [4],
      "viewed_ips": [1]
    }
  },
  {
    "model": "blog.blog",
    "pk": 2,
    "fields": {
      "created_at": "2024-12-09T15:21:08.650Z",
      "updated_at": "2024-12-12T12:07:25.722Z",
      "title": "Lorem ipsum dolor sit amet, 3t43",
      "title_az": "Lorem ipsum dolor sit amet, 3t43",
      "title_en": null,
      "title_ru": null,
      "short_description": "Lorem ipsum dolor sit amet,",
      "short_description_az": "Lorem ipsum dolor sit amet,",
      "short_description_en": null,
      "short_description_ru": null,
      "content": "<p>errh45h45</p>",
      "content_az": "<p>errh45h45</p>",
      "content_en": "",
      "content_ru": "",
      "image": "blogs/blog-grid2_yPlO6uV.jpg",
      "slug": "ergher",
      "author": 13,
      "view_count": 1,
      "status": "PB",
      "published_at": "2024-12-09T15:21:08.650Z",
      "category": [2],
      "tag": [4],
      "viewed_ips": [1]
    }
  },
  {
    "model": "blog.blog",
    "pk": 3,
    "fields": {
      "created_at": "2024-12-09T15:21:37.325Z",
      "updated_at": "2024-12-12T11:59:31.194Z",
      "title": "Lorem ipsum dolor sit amet,",
      "title_az": "Lorem ipsum dolor sit amet,",
      "title_en": "Lorem ipsum",
      "title_ru": null,
      "short_description": "Lorem ipsum dolor sit amet,",
      "short_description_az": "Lorem ipsum dolor sit amet,",
      "short_description_en": null,
      "short_description_ru": null,
      "content": "<p>Lorem ipsum dolor sit amet,y55u56</p>",
      "content_az": "<p>Lorem ipsum dolor sit amet,y55u56</p>",
      "content_en": "",
      "content_ru": "",
      "image": "blogs/blog-grid2_zd4Vh4o.jpg",
      "slug": "eeee",
      "author": 13,
      "view_count": 1,
      "status": "PB",
      "published_at": "2024-12-09T15:21:37.324Z",
      "category": [2],
      "tag": [4],
      "viewed_ips": [1]
    }
  },
  {
    "model": "blog.blog",
    "pk": 4,
    "fields": {
      "created_at": "2024-12-12T12:01:12.610Z",
      "updated_at": "2024-12-12T12:07:17.776Z",
      "title": "t4t3t34Lorem ipsum dolor sit amet,",
      "title_az": "t4t3t34Lorem ipsum dolor sit amet,",
      "title_en": "23r23r2",
      "title_ru": null,
      "short_description": "Lorem ipsum dolor sit amet,",
      "short_description_az": "Lorem ipsum dolor sit amet,",
      "short_description_en": null,
      "short_description_ru": null,
      "content": "<p>23r23rrrrrrrrrrrrrrrrrrrrrrrrrrrrrrr</p>",
      "content_az": "<p>23r23rrrrrrrrrrrrrrrrrrrrrrrrrrrrrrr</p>",
      "content_en": "",
      "content_ru": "",
      "image": "blogs/blog-grid2_JT7ZLdb.jpg",
      "slug": "t4t3t34lorem-ipsum-dolor-sit-amet",
      "author": 13,
      "view_count": 1,
      "status": "PB",
      "published_at": "2024-12-12T12:01:12.609Z",
      "category": [3],
      "tag": [5],
      "viewed_ips": [1]
    }
  },
  {
    "model": "blog.comment",
    "pk": 29,
    "fields": {
      "created_at": "2024-12-11T16:02:33.487Z",
      "updated_at": "2024-12-11T16:02:33.487Z",
      "content": "eer",
      "blog": 3,
      "author": 13
    }
  },
  {
    "model": "blog.comment",
    "pk": 31,
    "fields": {
      "created_at": "2024-12-11T16:03:21.204Z",
      "updated_at": "2024-12-11T16:03:21.204Z",
      "content": "3rg",
      "blog": 3,
      "author": 13
    }
  },
  {
    "model": "blog.comment",
    "pk": 32,
    "fields": {
      "created_at": "2024-12-11T16:03:28.932Z",
      "updated_at": "2024-12-11T16:03:28.932Z",
      "content": "g3g3",
      "blog": 3,
      "author": 13
    }
  },
  {
    "model": "blog.comment",
    "pk": 37,
    "fields": {
      "created_at": "2024-12-11T16:07:33.237Z",
      "updated_at": "2024-12-11T16:07:33.237Z",
      "content": "efe",
      "blog": 3,
      "author": 24
    }
  },
  {
    "model": "blog.comment",
    "pk": 38,
    "fields": {
      "created_at": "2024-12-12T12:07:39.723Z",
      "updated_at": "2024-12-12T12:07:39.723Z",
      "content": "efwef",
      "blog": 2,
      "author": 13
    }
  },
  {
    "model": "blog.comment",
    "pk": 39,
    "fields": {
      "created_at": "2024-12-12T12:07:43.086Z",
      "updated_at": "2024-12-12T12:07:43.086Z",
      "content": "ewfewf",
      "blog": 2,
      "author": 13
    }
  },
  {
    "model": "core.newsletter",
    "pk": 1,
    "fields": {
      "created_at": "2024-12-08T13:15:25.729Z",
      "updated_at": "2024-12-08T13:15:25.729Z",
      "email": "sebnemadil1999@gmail.com"
    }
  },
  {
    "model": "core.newsletter",
    "pk": 2,
    "fields": {
      "created_at": "2024-12-08T13:23:29.105Z",
      "updated_at": "2024-12-08T13:23:29.105Z",
      "email": "sebnemadil19997@gmail.com"
    }
  },
  {
    "model": "core.newsletter",
    "pk": 3,
    "fields": {
      "created_at": "2024-12-08T13:24:22.349Z",
      "updated_at": "2024-12-08T13:24:22.349Z",
      "email": "sebnemadil19499@gmail.com"
    }
  },
  {
    "model": "core.newsletter",
    "pk": 4,
    "fields": {
      "created_at": "2024-12-08T13:36:16.382Z",
      "updated_at": "2024-12-08T13:36:16.382Z",
      "email": "sebnemadil199y9@gmail.com"
    }
  },
  {
    "model": "core.newsletter",
    "pk": 5,
    "fields": {
      "created_at": "2024-12-11T09:22:11.304Z",
      "updated_at": "2024-12-11T09:22:11.304Z",
      "email": "sebnemadil19969@gmail.com"
    }
  },
  {
    "model": "core.contact",
    "pk": 1,
    "fields": {
      "created_at": "2024-12-08T15:14:10.770Z",
      "updated_at": "2024-12-08T15:14:10.770Z",
      "first_name": "Şebnem",
      "last_name": "Bayramlı",
      "email": "sebnemadil1999@gmail.com",
      "phone": "0772951285",
      "message": "wfwef"
    }
  },
  {
    "model": "core.sitesettings",
    "pk": 1,
    "fields": {
      "created_at": "2024-12-09T16:48:40.492Z",
      "updated_at": "2024-12-12T11:02:56.312Z",
      "site_name": "Mireldar Babayev",
      "logo": "logos/logo_MIToiDA.png",
      "favicon": "favicons/user-png.png",
      "location": "Baku",
      "location_az": "Baku",
      "location_en": null,
      "location_ru": null,
      "number": "05113557245",
      "email": "sebnemadil1999@gmail.com",
      "work_hours": "09-00-18.00",
      "map_url": "https://www.google.com/maps/embed?pb=!1m14!1m8!1m3!1d6079.058167769159!2d49.9602182!3d40.374965!3m2!1i1024!2i768!4f13.1!3m3!1m2!1s0x403064a59f86bceb%3A0xdcb214533519ce69!2zR3VuYXNobGksIEJha8O8!5e0!3m2!1str!2saz!4v1730746685169!5m2!1str!2saz",
      "facebook": null,
      "youtube": null,
      "instagram": null,
      "twitter": null,
      "linkedin": null,
      "tiktok": null,
      "footer_description": "sfhtrjry",
      "footer_description_az": "sfhtrjry",
      "footer_description_en": "",
      "footer_description_ru": ""
    }
  },
  {
    "model": "core.statisticalindicator",
    "pk": 1,
    "fields": {
      "created_at": "2024-12-12T11:37:47.001Z",
      "updated_at": "2024-12-12T11:37:47.001Z",
      "png": "statistics/counter1.png",
      "value": 600,
      "name": "Happy patients",
      "name_az": "Happy patients",
      "name_en": "Happy patients",
      "name_ru": "Happy patients"
    }
  },
  {
    "model": "core.statisticalindicator",
    "pk": 2,
    "fields": {
      "created_at": "2024-12-12T11:39:29.441Z",
      "updated_at": "2024-12-12T11:39:29.441Z",
      "png": "statistics/counter1_KiH2FnK.png",
      "value": 500,
      "name": "Expert doctors",
      "name_az": "Expert doctors",
      "name_en": "Expert doctors",
      "name_ru": "Expert doctors"
    }
  },
  {
    "model": "core.statisticalindicator",
    "pk": 3,
    "fields": {
      "created_at": "2024-12-12T11:40:02.017Z",
      "updated_at": "2024-12-12T11:40:02.018Z",
      "png": "statistics/counter1_rPDqjgf.png",
      "value": 315,
      "name": "Hospital rooms",
      "name_az": "Hospital rooms",
      "name_en": "Hospital rooms",
      "name_ru": "Hospital rooms"
    }
  },
  {
    "model": "core.aboutus",
    "pk": 1,
    "fields": {
      "created_at": "2024-11-24T10:53:28.389Z",
      "updated_at": "2024-12-12T11:22:40.516Z",
      "image": "about/hero-doctor-1.png",
      "video_id": "MKG_6BqnhpI",
      "content": "<p>Lorem ipsum dolor sit amet, consectetur adipisicing elit, sed do eius mod tempor incididunt ut labore et dolore magna aliqua. Ut enim ad minim veniam, quis nostrud exercitation.</p>\r\n\r\n<p>Sed do eius mod tempor incididunt ut labore et dolore magna aliqua. Ut enim ad minim veniam, quis nostru</p>\r\n\r\n<p>Lorem ipsum dolor sit amet, consectetur adipisicing elit, sed do eius mod tempor incididunt ut labore et dolore magna aliqua. Ut enim ad minim veniam, quis nostrud exercitation.</p>\r\n\r\n<p>Sed do eius mod tempor incididunt ut labore et dolore magna aliqua. Ut enim ad minim veniam, quis nostru</p>\r\n\r\n<p>Lorem ipsum dolor sit amet, consectetur adipisicing elit, sed do eius mod tempor incididunt ut labore et dolore magna aliqua. Ut enim ad minim veniam, quis nostrud exercitation.</p>\r\n\r\n<p>Sed do eius mod tempor incididunt ut labore et dolore magna aliqua. Ut enim ad minim veniam, quis nostru</p>",
      "content_az": "<p>Lorem ipsum dolor sit amet, consectetur adipisicing elit, sed do eius mod tempor incididunt ut labore et dolore magna aliqua. Ut enim ad minim veniam, quis nostrud exercitation.</p>\r\n\r\n<p>Sed do eius mod tempor incididunt ut labore et dolore magna aliqua. Ut enim ad minim veniam, quis nostru</p>\r\n\r\n<p>Lorem ipsum dolor sit amet, consectetur adipisicing elit, sed do eius mod tempor incididunt ut labore et dolore magna aliqua. Ut enim ad minim veniam, quis nostrud exercitation.</p>\r\n\r\n<p>Sed do eius mod tempor incididunt ut labore et dolore magna aliqua. Ut enim ad minim veniam, quis nostru</p>\r\n\r\n<p>Lorem ipsum dolor sit amet, consectetur adipisicing elit, sed do eius mod tempor incididunt ut labore et dolore magna aliqua. Ut enim ad minim veniam, quis nostrud exercitation.</p>\r\n\r\n<p>Sed do eius mod tempor incididunt ut labore et dolore magna aliqua. Ut enim ad minim veniam, quis nostru</p>",
      "content_en": "<p>Lorem ipsum dolor sit amet, consectetur adipisicing elit, sed do eius mod tempor incididunt ut labore et dolore magna aliqua. Ut enim ad minim veniam, quis nostrud exercitation.</p>\r\n\r\n<p>Sed do eius mod tempor incididunt ut labore et dolore magna aliqua. Ut enim ad minim veniam, quis nostru</p>",
      "content_ru": "<p>Lorem ipsum dolor sit amet, consectetur adipisicing elit, sed do eius mod tempor incididunt ut labore et dolore magna aliqua. Ut enim ad minim veniam, quis nostrud exercitation.</p>\r\n\r\n<p>Sed do eius mod tempor incididunt ut labore et dolore magna aliqua. Ut enim ad minim veniam, quis nostru</p>",
      "mission": "Lorem ipsum dolor sit amet, consectetur adipisicing elit, sed do eius mod tempor incididunt ut labore et dolore magna aliqua. Ut enim ad minim veniam, quis nostrud exercitation.\r\n\r\nSed do eius mod tempor incididunt ut labore et dolore magna aliqua. Ut enim ad minim veniam, quis nostru",
      "mission_az": "Lorem ipsum dolor sit amet, consectetur adipisicing elit, sed do eius mod tempor incididunt ut labore et dolore magna aliqua. Ut enim ad minim veniam, quis nostrud exercitation.\r\n\r\nSed do eius mod tempor incididunt ut labore et dolore magna aliqua. Ut enim ad minim veniam, quis nostru",
      "mission_en": "",
      "mission_ru": "",
      "vision": "Lorem ipsum dolor sit amet, consectetur adipisicing elit, sed do eius mod tempor incididunt ut labore et dolore magna aliqua. Ut enim ad minim veniam, quis nostrud exercitation.\r\n\r\nSed do eius mod tempor incididunt ut labore et dolore magna aliqua. Ut enim ad minim veniam, quis nostru",
      "vision_az": "Lorem ipsum dolor sit amet, consectetur adipisicing elit, sed do eius mod tempor incididunt ut labore et dolore magna aliqua. Ut enim ad minim veniam, quis nostrud exercitation.\r\n\r\nSed do eius mod tempor incididunt ut labore et dolore magna aliqua. Ut enim ad minim veniam, quis nostru",
      "vision_en": "",
      "vision_ru": "",
      "value": "Lorem ipsum dolor sit amet, consectetur adipisicing elit, sed do eius mod tempor incididunt ut labore et dolore magna aliqua. Ut enim ad minim veniam, quis nostrud exercitation.\r\n\r\nSed do eius mod tempor incididunt ut labore et dolore magna aliqua. Ut enim ad minim veniam, quis nostru",
      "value_az": "Lorem ipsum dolor sit amet, consectetur adipisicing elit, sed do eius mod tempor incididunt ut labore et dolore magna aliqua. Ut enim ad minim veniam, quis nostrud exercitation.\r\n\r\nSed do eius mod tempor incididunt ut labore et dolore magna aliqua. Ut enim ad minim veniam, quis nostru",
      "value_en": "",
      "value_ru": ""
    }
  },
  {
    "model": "core.testimoinal",
    "pk": 1,
    "fields": {
      "created_at": "2024-12-08T22:56:05.515Z",
      "updated_at": "2024-12-12T11:54:56.292Z",
      "client_image": "testimoinals/hero-doctor-1_AVNf73K.png",
      "client_full_name": "Mary Fame",
      "client_profession": "CEO",
      "client_profession_az": "CEO",
      "client_profession_en": "CEO",
      "client_profession_ru": "CEO",
      "client_comment": "orem ipsum dolor sit amet, consectetur adipisicing elit, sed do eius mod tempor incididunt ut labore et dolore magna aliqua. Ut enim ad minim veniam 22",
      "client_comment_az": "orem ipsum dolor sit amet, consectetur adipisicing elit, sed do eius mod tempor incididunt ut labore et dolore magna aliqua. Ut enim ad minim veniam 22",
      "client_comment_en": "orem ipsum dolor sit amet, consectetur adipisicing elit, sed do eius mod tempor incididunt ut labore et dolore magna aliqua. Ut enim ad minim veniam 22",
      "client_comment_ru": "orem ipsum dolor sit amet, consectetur adipisicing elit, sed do eius mod tempor incididunt ut labore et dolore magna aliqua. Ut enim ad minim veniam 22",
      "star": 4
    }
  },
  {
    "model": "core.testimoinal",
    "pk": 2,
    "fields": {
      "created_at": "2024-12-12T11:51:55.490Z",
      "updated_at": "2024-12-12T11:55:29.791Z",
      "client_image": "testimoinals/hero-doctor-1_uOoaQ99.png",
      "client_full_name": "Anna Kare",
      "client_profession": "CEO",
      "client_profession_az": "CEO",
      "client_profession_en": "CEO",
      "client_profession_ru": "CEO",
      "client_comment": "orem ipsum dolor sit amet, consectetur adipisicing elit, sed do eius mod tempor incididunt ut labore et dolore magna aliqua. Ut enim ad minim veniam 22",
      "client_comment_az": "orem ipsum dolor sit amet, consectetur adipisicing elit, sed do eius mod tempor incididunt ut labore et dolore magna aliqua. Ut enim ad minim veniam 22",
      "client_comment_en": "orem ipsum dolor sit amet, consectetur adipisicing elit, sed do eius mod tempor incididunt ut labore et dolore magna aliqua. Ut enim ad minim veniam 22",
      "client_comment_ru": "orem ipsum dolor sit amet, consectetur adipisicing elit, sed do eius mod tempor incididunt ut labore et dolore magna aliqua. Ut enim ad minim veniam 22",
      "star": 5
    }
  },
  {
    "model": "core.testimoinal",
    "pk": 3,
    "fields": {
      "created_at": "2024-12-12T11:55:58.171Z",
      "updated_at": "2024-12-12T11:55:58.171Z",
      "client_image": "testimoinals/team2.jpg",
      "client_full_name": "Anna Kare",
      "client_profession": "CEO",
      "client_profession_az": "CEO",
      "client_profession_en": "CEO",
      "client_profession_ru": "CEO",
      "client_comment": "orem ipsum dolor sit amet, consectetur adipisicing elit, sed do eius mod tempor incididunt ut labore et dolore magna aliqua. Ut enim ad minim veniam 22",
      "client_comment_az": "orem ipsum dolor sit amet, consectetur adipisicing elit, sed do eius mod tempor incididunt ut labore et dolore magna aliqua. Ut enim ad minim veniam 22",
      "client_comment_en": "orem ipsum dolor sit amet, consectetur adipisicing elit, sed do eius mod tempor incididunt ut labore et dolore magna aliqua. Ut enim ad minim veniam 22",
      "client_comment_ru": "orem ipsum dolor sit amet, consectetur adipisicing elit, sed do eius mod tempor incididunt ut labore et dolore magna aliqua. Ut enim ad minim veniam 22",
      "star": 3
    }
  },
  {
    "model": "core.banner",
    "pk": 1,
    "fields": {
      "created_at": "2024-12-10T21:28:15.349Z",
      "updated_at": "2024-12-12T11:16:47.109Z",
      "title": "Lorem ipsum dolor sit amet,",
      "title_az": "Lorem ipsum dolor sit amet,",
      "title_en": null,
      "title_ru": null,
      "subtitle": "Lorem ipsum dolor sit amet,",
      "subtitle_az": "Lorem ipsum dolor sit amet,",
      "subtitle_en": null,
      "subtitle_ru": null,
      "description": "Lorem ipsum dolor sit amet, consectetur adipiscing elit. Vivamus eu lacus ex. Class aptent taciti sociosqu ad litora torquent per conubia nostra, per inceptos",
      "description_az": "Lorem ipsum dolor sit amet, consectetur adipiscing elit. Vivamus eu lacus ex. Class aptent taciti sociosqu ad litora torquent per conubia nostra, per inceptos",
      "description_en": "",
      "description_ru": "",
      "png": "banner/hero-doctor-1_8W8heeb.png",
      "video_id": "MKG_6BqnhpI"
    }
  },
  {
    "model": "core.banner",
    "pk": 2,
    "fields": {
      "created_at": "2024-12-12T11:17:46.745Z",
      "updated_at": "2024-12-12T11:18:35.163Z",
      "title": "Lorem ipsum dolor sit",
      "title_az": "Lorem ipsum dolor sit",
      "title_en": null,
      "title_ru": null,
      "subtitle": "Lorem ipsum dolor sit am dolor sit amet,",
      "subtitle_az": "Lorem ipsum dolor sit am dolor sit amet,",
      "subtitle_en": null,
      "subtitle_ru": null,
      "description": "Lorem ipsum dolor sit amet, Lorem ipsum dolor sit amet,Lorem ipsum dolor sit amet,Lorem ipsum dolor sit amet,Lorem ipsum dolor sit amet,Lorem ipsum dolor sit amet,Lorem ipsum dolor sit amet,Lorem ipsum dolor sit amet,Lorem ipsum dolor sit amet, Lorem ipsum dolor sit amet,",
      "description_az": "Lorem ipsum dolor sit amet, Lorem ipsum dolor sit amet,Lorem ipsum dolor sit amet,Lorem ipsum dolor sit amet,Lorem ipsum dolor sit amet,Lorem ipsum dolor sit amet,Lorem ipsum dolor sit amet,Lorem ipsum dolor sit amet,Lorem ipsum dolor sit amet, Lorem ipsum dolor sit amet,",
      "description_en": "Lorem ipsum dolor sit amet,",
      "description_ru": "Lorem ipsum dolor sit amet,",
      "png": "banner/hero-doctor-1_tIOO3JL.png",
      "video_id": "MKG_6BqnhpI"
    }
  },
  {
    "model": "service.service",
    "pk": 1,
    "fields": {
      "created_at": "2024-12-10T21:45:40.425Z",
      "updated_at": "2024-12-12T11:35:17.892Z",
      "name": "Allergic issue",
      "name_az": "Allergic issue",
      "name_en": "Allergic issue",
      "name_ru": "Allergic issue",
      "short_description": "Lorem ipsum dolor sit amet, consectetur adipisicing elit, sed do eius mod tempor incididunt ut labore et dolore magna aliqua. Ut enim ad  minim veniam, quis",
      "short_description_az": "Lorem ipsum dolor sit amet, consectetur adipisicing elit, sed do eius mod tempor incididunt ut labore et dolore magna aliqua. Ut enim ad  minim veniam, quis",
      "short_description_en": "",
      "short_description_ru": "",
      "png": "services/service-icon2_8p2hHpf.png",
      "image": "services/images/blog-grid3.jpg",
      "title": "Allergic issue",
      "title_az": "Allergic issue",
      "title_en": null,
      "title_ru": null,
      "content": "<p>Lorem ipsum dolor sit amet, consectetur adipisicing elit, sed do eiusmod tempor incididunt ut labore et dolore magna aliqua. Ut enim ad minim veniam, quis nostrud exercitation ullamco laboris nisi ut aliquip ex ea commodo consequat. Duis aute irure dolor in reprehenderit in voluptate velitLorem ipsum dolor sit amet, consectetur adipisicing elit, sed do eiusmod tempor incididunt ut labore et dolore magna aliqua. Ut enim ad minim veniam, quis nostrud exercitation ullamco laboris nisi ut aliquip ex ea commodo consequat. Duis aute irure dolor in reprehenderit in voluptate velitLorem ipsum dolor sit amet, consectetur adipisicing elit, sed do eiusmod tempor incididunt ut labore et dolore magna aliqua. Ut enim ad minim veniam, quis nostrud exercitation ullamco laboris nisi ut aliquip ex ea commodo consequat. Duis aute irure dolor in reprehenderit in voluptate velitLorem ipsum dolor sit amet, consectetur adipisicing elit, sed do eiusmod tempor incididunt ut labore et dolore magna aliqua. Ut enim ad minim veniam, quis nostrud exercitation ullamco laboris nisi ut aliquip ex ea commodo consequat. Duis aute irure dolor in reprehenderit in voluptate velit</p>",
      "content_az": "<p>Lorem ipsum dolor sit amet, consectetur adipisicing elit, sed do eiusmod tempor incididunt ut labore et dolore magna aliqua. Ut enim ad minim veniam, quis nostrud exercitation ullamco laboris nisi ut aliquip ex ea commodo consequat. Duis aute irure dolor in reprehenderit in voluptate velitLorem ipsum dolor sit amet, consectetur adipisicing elit, sed do eiusmod tempor incididunt ut labore et dolore magna aliqua. Ut enim ad minim veniam, quis nostrud exercitation ullamco laboris nisi ut aliquip ex ea commodo consequat. Duis aute irure dolor in reprehenderit in voluptate velitLorem ipsum dolor sit amet, consectetur adipisicing elit, sed do eiusmod tempor incididunt ut labore et dolore magna aliqua. Ut enim ad minim veniam, quis nostrud exercitation ullamco laboris nisi ut aliquip ex ea commodo consequat. Duis aute irure dolor in reprehenderit in voluptate velitLorem ipsum dolor sit amet, consectetur adipisicing elit, sed do eiusmod tempor incididunt ut labore et dolore magna aliqua. Ut enim ad minim veniam, quis nostrud exercitation ullamco laboris nisi ut aliquip ex ea commodo consequat. Duis aute irure dolor in reprehenderit in voluptate velit</p>",
      "content_en": "",
      "content_ru": "",
      "background_color": "green",
      "slug": "34g"
    }
  },
  {
    "model": "service.service",
    "pk": 2,
    "fields": {
      "created_at": "2024-12-12T11:30:11.339Z",
      "updated_at": "2024-12-12T11:35:12.310Z",
      "name": "Eye care",
      "name_az": "Eye care",
      "name_en": "Eye care",
      "name_ru": null,
      "short_description": "Lorem ipsum dolor sit amet, consectetur adipisicing elit, sed do eius mod tempor incididunt ut labore et dolore magna aliqua. Ut enim ad  minim veniam, quis",
      "short_description_az": "Lorem ipsum dolor sit amet, consectetur adipisicing elit, sed do eius mod tempor incididunt ut labore et dolore magna aliqua. Ut enim ad  minim veniam, quis",
      "short_description_en": "",
      "short_description_ru": "",
      "png": "services/service-icon2_NwkK5Va.png",
      "image": "services/images/blog-grid1.jpg",
      "title": "Lorem ipsum dolor sit",
      "title_az": "Lorem ipsum dolor sit",
      "title_en": null,
      "title_ru": null,
      "content": "<p>Lorem ipsum dolor sit amet, consectetur adipiscing elit. Integer bibendum, sem at condimentum sceleri sque, odio eros vestibulum tortor, non posuere sapien elit at velit. Vestibulum ac porttitor dolor, ac feugiat nunc. Nulla eleifend massa tortor, nec laoreet lectus varius ac. Fusce scelerisque consequat eros, non venenatis turpis ultricies id. Etiam nec sagittis diam, a tempor risus. Nunc nisl felis, congue non euismod dignissim id eros. Maecenas eu molestie purus, in digni ssim nequeo nsectetur adipiscing elit.Lorem ipsum dolor sit amet, consectetur adipiscing elit. Integer bibendum, sem at condimentum sceleri sque, odio eros vestibulum tortor, non posuere sapien elit at velit. Vestibulum ac porttitor dolor, ac feugiat nunc. Nulla eleifend massa tortor, nec laoreet lectus varius ac. Fusce scelerisque consequat eros, non venenatis turpis ultricies id. Etiam nec sagittis diam, a tempor risus. Nunc nisl felis, congue non euismod dignissim id eros. Maecenas eu molestie purus, in digni ssim nequeo nsectetur adipiscing elit.</p>",
      "content_az": "<p>Lorem ipsum dolor sit amet, consectetur adipiscing elit. Integer bibendum, sem at condimentum sceleri sque, odio eros vestibulum tortor, non posuere sapien elit at velit. Vestibulum ac porttitor dolor, ac feugiat nunc. Nulla eleifend massa tortor, nec laoreet lectus varius ac. Fusce scelerisque consequat eros, non venenatis turpis ultricies id. Etiam nec sagittis diam, a tempor risus. Nunc nisl felis, congue non euismod dignissim id eros. Maecenas eu molestie purus, in digni ssim nequeo nsectetur adipiscing elit.Lorem ipsum dolor sit amet, consectetur adipiscing elit. Integer bibendum, sem at condimentum sceleri sque, odio eros vestibulum tortor, non posuere sapien elit at velit. Vestibulum ac porttitor dolor, ac feugiat nunc. Nulla eleifend massa tortor, nec laoreet lectus varius ac. Fusce scelerisque consequat eros, non venenatis turpis ultricies id. Etiam nec sagittis diam, a tempor risus. Nunc nisl felis, congue non euismod dignissim id eros. Maecenas eu molestie purus, in digni ssim nequeo nsectetur adipiscing elit.</p>",
      "content_en": "",
      "content_ru": "",
      "background_color": "blue",
      "slug": "lorem-ipsum-dolor-sit"
    }
  },
  {
    "model": "service.download",
    "pk": 1,
    "fields": {
      "created_at": "2024-12-11T08:48:24.358Z",
      "updated_at": "2024-12-11T19:39:36.586Z",
      "title": "",
      "title_az": null,
      "title_en": null,
      "title_ru": null,
      "type": "docx",
      "file": "services/downloads/texniki_tapşırıq_-_Mireldar_dr.docx"
    }
  },
  {
    "model": "service.download",
    "pk": 2,
    "fields": {
      "created_at": "2024-12-11T20:14:59.415Z",
      "updated_at": "2024-12-11T20:14:59.415Z",
      "title": "",
      "title_az": null,
      "title_en": null,
      "title_ru": null,
      "type": "docx",
      "file": "services/downloads/Profil.docx"
    }
  },
  {
    "model": "service.whychooseus",
    "pk": 1,
    "fields": {
      "created_at": "2024-12-12T11:42:05.525Z",
      "updated_at": "2024-12-12T11:42:05.525Z",
      "title": "Fastest Growing Clinic",
      "title_az": "Fastest Growing Clinic",
      "title_en": "Fastest Growing Clinic",
      "title_ru": "Fastest Growing Clinic",
      "short_description": "Excepteur sint occaecat cupidatat non proident, su",
      "short_description_az": "Excepteur sint occaecat cupidatat non proident, su",
      "short_description_en": "Excepteur sint occaecat cupidatat non proident, su",
      "short_description_ru": "Excepteur sint occaecat cupidatat non proident, su",
      "png": "why_choose_us/icon1_hrrEYsl.png"
    }
  },
  {
    "model": "service.whychooseus",
    "pk": 2,
    "fields": {
      "created_at": "2024-12-12T11:42:48.526Z",
      "updated_at": "2024-12-12T11:42:48.526Z",
      "title": "Fastest Growing Clinic trht",
      "title_az": "Fastest Growing Clinic trht",
      "title_en": "Fastest Growing Clinic 45y4",
      "title_ru": "Fastest Growing Clinic 54y54",
      "short_description": "Excepteur sint occaecat cupidatat non proident, su 54y",
      "short_description_az": "Excepteur sint occaecat cupidatat non proident, su 54y",
      "short_description_en": "Excepteur sint occaecat cupidatat non proident, su 54y4",
      "short_description_ru": "Excepteur sint occaecat cupidatat non proident, su 45y",
      "png": "why_choose_us/counter1.png"
    }
  },
  {
    "model": "appointment.timetable",
    "pk": 1,
    "fields": {
      "created_at": "2024-12-08T13:25:57.715Z",
      "updated_at": "2024-12-08T13:25:57.715Z",
      "start_time": "2024-12-09T13:25:41Z",
      "end_time": "2024-12-10T13:25:44Z"
    }
  },
  {
    "model": "appointment.timetable",
    "pk": 2,
    "fields": {
      "created_at": "2024-12-08T22:54:40.574Z",
      "updated_at": "2024-12-08T22:54:40.574Z",
      "start_time": "2024-12-09T22:54:25Z",
      "end_time": "2024-12-10T22:54:36Z"
    }
  },
  {
    "model": "appointment.appointment",
    "pk": 6,
    "fields": {
      "created_at": "2024-12-08T13:35:36.102Z",
      "updated_at": "2024-12-08T13:35:36.102Z",
      "full_name": "Şebnem Bayramlı",
      "phone": "0772951285",
      "location": "Baku",
      "message": "sf",
      "available_time": 1
    }
  },
  {
    "model": "appointment.appointment",
    "pk": 7,
    "fields": {
      "created_at": "2024-12-08T22:54:50.909Z",
      "updated_at": "2024-12-08T22:54:50.909Z",
      "full_name": "Şebnem Bayramlı",
      "phone": "0772951285",
      "location": "Baku",
      "message": "",
      "available_time": 2
    }
  },
  {
    "model": "user.customuser",
    "pk": 13,
    "fields": {
      "password": "pbkdf2_sha256$600000$KzDgI5E1a3mYSoEvTbbJNz$f2jqDCTbRSvY5VcWBfyB+8onVtDJzlrRhQ+iJh810KI=",
      "last_login": "2024-12-12T18:26:57.085Z",
      "is_superuser": true,
      "is_staff": true,
      "is_active": true,
      "date_joined": "2024-11-24T22:29:49.029Z",
      "created_at": "2024-11-24T22:29:50.920Z",
      "updated_at": "2024-11-24T22:29:50.920Z",
      "first_name": "",
      "last_name": "",
      "email": "admin@gmail.com",
      "image": "",
      "groups": [],
      "user_permissions": []
    }
  },
  {
    "model": "user.customuser",
    "pk": 21,
    "fields": {
      "password": "pbkdf2_sha256$870000$Der2qC6oyK7TRfjk5ExGYN$eMZIec4P/OmlkLIOJWdrmVKQC56490xa36khqDPbCJs=",
      "last_login": "2024-11-28T15:05:03.430Z",
      "is_superuser": false,
      "is_staff": false,
      "is_active": true,
      "date_joined": "2024-11-26T12:02:05Z",
      "created_at": "2024-11-26T12:02:07.243Z",
      "updated_at": "2024-11-26T21:55:22.045Z",
      "first_name": "Şebnem",
      "last_name": "Bayramlı",
      "email": "sebnemadil1999@gmail.com",
      "image": "users/hero-doctor-1_4Bg1RZY.png",
      "groups": [],
      "user_permissions": []
    }
  },
  {
    "model": "user.customuser",
    "pk": 22,
    "fields": {
      "password": "pbkdf2_sha256$870000$ZqcbcW6GRInr02clwtRFbZ$y8OflTMsgwHQMOD62FE+ma3ylSqF3cj7GwjvmuQ/9Zk=",
      "last_login": "2024-11-28T14:52:31.417Z",
      "is_superuser": false,
      "is_staff": false,
      "is_active": true,
      "date_joined": "2024-11-28T14:52:10.993Z",
      "created_at": "2024-11-28T14:52:11.787Z",
      "updated_at": "2024-11-28T14:52:11.787Z",
      "first_name": "Şebnem",
      "last_name": "Bayramlı",
      "email": "sebnemadil199@gmail.com",
      "image": "users/banner-bg.jpg",
      "groups": [],
      "user_permissions": []
    }
  },
  {
    "model": "user.customuser",
    "pk": 23,
    "fields": {
      "password": "pbkdf2_sha256$870000$4m22mXwvSKcZ91ZLQNIXJN$Gc2cv/f11p/fKcu8BZjrk+Gby8Lr4GvBmciwXAhx9Zo=",
      "last_login": "2024-11-28T18:27:34.725Z",
      "is_superuser": false,
      "is_staff": false,
      "is_active": true,
      "date_joined": "2024-11-28T18:27:06.331Z",
      "created_at": "2024-11-28T18:27:07.229Z",
      "updated_at": "2024-11-28T18:27:07.229Z",
      "first_name": "Orxan",
      "last_name": "Babayev",
      "email": "babayev@gmail.com",
      "image": "users/doctors-img1_6Pil48u.jpg",
      "groups": [],
      "user_permissions": []
    }
  },
  {
    "model": "user.customuser",
    "pk": 24,
    "fields": {
      "password": "pbkdf2_sha256$870000$iOYbvX8giXkaSP7SBdnvzw$Zxtindlru8JZ1HKAYEyJVbejpIGEgXRU9KJ6kDYumkg=",
      "last_login": "2024-12-11T16:07:23.971Z",
      "is_superuser": false,
      "is_staff": false,
      "is_active": true,
      "date_joined": "2024-12-09T16:23:49.342Z",
      "created_at": "2024-12-09T16:23:49.867Z",
      "updated_at": "2024-12-09T16:23:49.867Z",
      "first_name": "Şebnem",
      "last_name": "Bayramlı",
      "email": "sebnemadil1979@gmail.com",
      "image": "users/hero-doctor-1_HnscGEZ.png",
      "groups": [],
      "user_permissions": []
    }
  }
]
