[
  {
    "model": "blog.category",
    "pk": 1,
    "fields": {
      "created_at": "2024-10-24T20:32:17.029Z",
      "updated_at": "2024-10-31T19:12:59.919Z",
      "name": "Development",
      "slug": "development"
    }
  },
  {
    "model": "blog.category",
    "pk": 2,
    "fields": {
      "created_at": "2024-10-30T16:39:40.214Z",
      "updated_at": "2024-10-31T19:12:57.443Z",
      "name": "SMM",
      "slug": "smm"
    }
  },
  {
    "model": "blog.category",
    "pk": 3,
    "fields": {
      "created_at": "2024-10-30T17:12:46.749Z",
      "updated_at": "2024-10-31T19:12:53.761Z",
      "name": "Health tips",
      "slug": "health-tips"
    }
  },
  {
    "model": "blog.ip",
    "pk": 1,
    "fields": {
      "created_at": "2024-10-30T19:47:51.240Z",
      "updated_at": "2024-10-30T19:47:51.240Z",
      "view_ip": "127.0.0.1"
    }
  },
  {
    "model": "blog.tag",
    "pk": 1,
    "fields": {
      "created_at": "2024-10-31T18:46:52.810Z",
      "updated_at": "2024-10-31T19:12:42.684Z",
      "name": "health",
      "slug": "health"
    }
  },
  {
    "model": "blog.tag",
    "pk": 2,
    "fields": {
      "created_at": "2024-10-31T18:46:59.356Z",
      "updated_at": "2024-10-31T19:12:39.865Z",
      "name": "Development",
      "slug": "development"
    }
  },
  {
    "model": "blog.blog",
    "pk": 1,
    "fields": {
      "created_at": "2024-10-24T20:32:31.575Z",
      "updated_at": "2024-11-17T15:45:36.843Z",
      "title": "Things you may not know about medicaid den..",
      "short_description": "Lorem ipsum dolor sit amet consectetur adipisicing elit, sed do eiusmod tempor incididunt ut labore",
      "content": "<p>Lorem ipsum dolor sit amet consectetur adipisicing elit, sed do eiusmod tempor incididunt ut labore</p>",
      "image": "blogs/blog-grid3_V46onc6.jpg",
      "slug": "tgrrtg",
      "author": 1,
      "view_count": 0,
      "status": "PB",
      "published_at": "2024-10-24T20:32:31.574Z",
      "category": [1, 2],
      "tag": [],
      "viewed_ips": [1]
    }
  },
  {
    "model": "blog.blog",
    "pk": 2,
    "fields": {
      "created_at": "2024-10-30T17:12:50.933Z",
      "updated_at": "2024-11-17T15:44:35.076Z",
      "title": "tThings you may not know about medicaid den..",
      "short_description": "Lorem ipsum dolor sit amet, constetur adipiscing elit, sed do eiusmod tempor incididunt.",
      "content": "<h5>Lorem ipsum dolor sit amet, consectetur adipiscing elit, sed do eiusmod tempor incididunt ut labore et dolore magna aliqua. Ut enim ad minim veniam, quis nostrud exercitation ullamco laboris.</h5>\r\n\r\n<p>Lorem ipsum dolor sit amet, consectetur adipiscing elit. Integer bibendum, sem at condimentum sceleri sque, odio eros vestibulum tortor, non posuere sapien elit at velit. Vestibulum ac porttitor dolor, ac feugiat nunc. Nulla eleifend massa tortor, nec laoreet lectus varius ac. Fusce scelerisque consequat eros, non venenatis turpis ultricies id. Etiam nec sagittis diam, a tempor risus. Nunc nisl felis, congue non euismod dignissim id eros. Maecenas eu molestie purus, in digni ssim nequeo nsectetur adipiscing elit.</p>\r\n\r\n<p>Duis aute irure dolor in reprehenderit in voluptate velit esse cillum dolore eu fugiat nulla pariatur. Excepteur sint occaecat cupidatat non proident, sunt in culpa qui officia deserunt pariatur.</p>\r\n\r\n<p>&nbsp;John Doe</p>\r\n\r\n<p><img alt=\"#\" src=\"http://127.0.0.1:8000/blogs/2/images/blog-comment1.jpg\" /></p>\r\n\r\n<p><img alt=\"#\" src=\"http://127.0.0.1:8000/blogs/2/images/blog-comment2.jpg\" /></p>\r\n\r\n<h3>Lorem ipsum dolor sit amet</h3>\r\n\r\n<p>SInteger bibendum. Curabitur a magna mi. Cras facilisis lacus a magna luctus, nec pharetra ex varius. Sed placerat suscipit massa, sed lobo rtis ex sollicitudin non. Lorem ipsum dolor sit amet, consectetur adipis cing elit. Duis sed laoreet neque. Mauris placerat blandit accumsan. Aliquam efficitur dictum eros.Maec enas eu molestie purus, in dignissim neque.</p>",
      "image": "blogs/blog-grid2_fT1PsyY.jpg",
      "slug": "tthings-you-may-not-know-about-medicaid-den",
      "author": 1,
      "view_count": 0,
      "status": "PB",
      "published_at": "2024-10-30T17:12:50.933Z",
      "category": [3],
      "tag": [],
      "viewed_ips": [1]
    }
  },
  {
    "model": "blog.blog",
    "pk": 3,
    "fields": {
      "created_at": "2024-10-30T20:13:48.694Z",
      "updated_at": "2024-11-17T15:44:22.546Z",
      "title": "Things you may not know about medicaid fdbdfbden..",
      "short_description": "Lorem ipsum dolor sit amet, constetur adipiscing elit, sed do eiusmod tempor incididunt.",
      "content": "<h3>Things you may not know about medicaid den..</h3>\r\n\r\n<p>Lorem ipsum dolor sit amet consectetur adipisicing elit, sed do eiusmod tempor incididunt ut labore et dolore magna aliqua. Ut enim ad minim veniam, quis nostrudt.</p>",
      "image": "blogs/blog-grid1_llBPN2F.jpg",
      "slug": "things-you-may-not-know-about-medicaid-fdbdfbden",
      "author": 1,
      "view_count": 0,
      "status": "PB",
      "published_at": "2024-10-30T20:13:48.693Z",
      "category": [2],
      "tag": [],
      "viewed_ips": [1]
    }
  },
  {
    "model": "blog.blog",
    "pk": 4,
    "fields": {
      "created_at": "2024-10-30T21:39:27.001Z",
      "updated_at": "2024-11-17T15:46:05.890Z",
      "title": "Lorem ipsum dolor sit amet consectetur adipisicing elit, sed do eiusmod tempor incididunt ut labore",
      "short_description": "Lorem ipsum dolor sit amet, constetur adipiscing elit, sed do eiusmod tempor incididunt.",
      "content": "<p>Lorem ipsum dolor sit amet consectetur adipisicing elit, sed do eiusmod tempor incididunt ut labore</p>",
      "image": "blogs/blog-grid4.jpg",
      "slug": "cxpopular_blogs-blogpublishedannotatecomment_countcountcommentsexcludeido",
      "author": 1,
      "view_count": 1,
      "status": "PB",
      "published_at": "2024-10-30T21:39:27Z",
      "category": [1],
      "tag": [],
      "viewed_ips": [1]
    }
  },
  {
    "model": "blog.blog",
    "pk": 5,
    "fields": {
      "created_at": "2024-10-30T21:41:44.122Z",
      "updated_at": "2024-11-17T15:46:20.756Z",
      "title": "blog test",
      "short_description": "Lorem ipsum dolor sit amet consectetur adipisicing elit, sed do eiusmod tempor incididunt ut labore et dolore magna aliqua. Ut enim ad minim veniam, quis nostrudt.",
      "content": "<p>Lorem ipsum dolor sit amet consectetur adipisicing elit, sed do eiusmod tempor incididunt ut labore</p>",
      "image": "blogs/blog-grid3.jpg",
      "slug": "rgehetjtvgbdb",
      "author": 1,
      "view_count": 1,
      "status": "PB",
      "published_at": "2024-10-30T21:41:44.122Z",
      "category": [3],
      "tag": [1, 2],
      "viewed_ips": [1]
    }
  },
  {
    "model": "blog.blog",
    "pk": 6,
    "fields": {
      "created_at": "2024-11-02T19:50:36.467Z",
      "updated_at": "2024-11-17T15:46:33.453Z",
      "title": "blog new",
      "short_description": "Lorem ipsum dolor sit amet consectetur adipisicing elit, sed do eiusmod tempor incididunt ut labore",
      "content": "<p>Lorem ipsum dolor sit amet consectetur adipisicing elit, sed do eiusmod tempor incididunt ut labore</p>",
      "image": "blogs/blog-grid2.jpg",
      "slug": "frer",
      "author": 1,
      "view_count": 1,
      "status": "PB",
      "published_at": "2024-11-02T19:50:36.467Z",
      "category": [2],
      "tag": [2],
      "viewed_ips": [1]
    }
  },
  {
    "model": "blog.blog",
    "pk": 7,
    "fields": {
      "created_at": "2024-11-02T20:46:26.545Z",
      "updated_at": "2024-11-17T15:46:45.359Z",
      "title": "blog",
      "short_description": "Lorem ipsum dolor sit amet consectetur adipisicing elit, sed do eiusmod tempor incididunt ut labore",
      "content": "<p>Lorem ipsum dolor sit amet consectetur adipisicing elit, sed do eiusmod tempor incididunt ut labore</p>",
      "image": "blogs/blog-grid1.jpg",
      "slug": "errrrrrrrrrrrrr",
      "author": 1,
      "view_count": 1,
      "status": "PB",
      "published_at": "2024-11-02T20:46:26.544Z",
      "category": [3],
      "tag": [1],
      "viewed_ips": [1]
    }
  },
  {
    "model": "blog.comment",
    "pk": 1,
    "fields": {
      "created_at": "2024-10-25T18:08:29.810Z",
      "updated_at": "2024-10-25T18:08:29.810Z",
      "content": "hg7h9u9",
      "blog": 1,
      "author": 1,
      "parent_comment": null
    }
  },
  {
    "model": "blog.comment",
    "pk": 2,
    "fields": {
      "created_at": "2024-10-25T18:08:41.964Z",
      "updated_at": "2024-10-25T18:08:41.964Z",
      "content": "][pjiubgy",
      "blog": 1,
      "author": 1,
      "parent_comment": 1
    }
  },
  {
    "model": "blog.comment",
    "pk": 3,
    "fields": {
      "created_at": "2024-10-25T18:18:36.739Z",
      "updated_at": "2024-10-25T18:18:36.739Z",
      "content": "dtnfjfjg",
      "blog": 1,
      "author": 1,
      "parent_comment": null
    }
  },
  {
    "model": "blog.comment",
    "pk": 4,
    "fields": {
      "created_at": "2024-10-25T18:19:18.632Z",
      "updated_at": "2024-10-25T18:19:18.632Z",
      "content": "dtnfjfjg",
      "blog": 1,
      "author": 1,
      "parent_comment": null
    }
  },
  {
    "model": "blog.comment",
    "pk": 5,
    "fields": {
      "created_at": "2024-10-25T18:20:01.846Z",
      "updated_at": "2024-10-25T18:20:01.846Z",
      "content": "dtnfjfjgfjmfj",
      "blog": 1,
      "author": 1,
      "parent_comment": 2
    }
  },
  {
    "model": "blog.comment",
    "pk": 6,
    "fields": {
      "created_at": "2024-10-25T18:20:06.851Z",
      "updated_at": "2024-10-25T18:20:06.851Z",
      "content": "dtnfjfjgfjmfj",
      "blog": 1,
      "author": 1,
      "parent_comment": null
    }
  },
  {
    "model": "blog.comment",
    "pk": 7,
    "fields": {
      "created_at": "2024-10-25T18:20:12.795Z",
      "updated_at": "2024-11-02T09:21:56.569Z",
      "content": "Lorem ipsum dolor sit amet, consectetur adipisicing elit, sed do eius mod tempor incididunt ut labore et dolore magna aliqua. Ut enim ad minim veniam, quis nostrud exercitation.",
      "blog": 1,
      "author": 1,
      "parent_comment": 5
    }
  },
  {
    "model": "core.newsletter",
    "pk": 1,
    "fields": {
      "created_at": "2024-10-24T21:56:00.866Z",
      "updated_at": "2024-10-24T21:56:00.867Z",
      "email": "sebnemadil1999@gmail.com"
    }
  },
  {
    "model": "core.newsletter",
    "pk": 2,
    "fields": {
      "created_at": "2024-11-05T13:24:43.393Z",
      "updated_at": "2024-11-05T13:24:43.393Z",
      "email": "sebnemadil188999@gmail.com"
    }
  },
  {
    "model": "core.newsletter",
    "pk": 3,
    "fields": {
      "created_at": "2024-11-05T15:25:13.552Z",
      "updated_at": "2024-11-05T15:25:13.552Z",
      "email": "sebnemadil1999hhhhhhhhg@gmail.comhg"
    }
  },
  {
    "model": "core.newsletter",
    "pk": 4,
    "fields": {
      "created_at": "2024-11-05T15:37:42.866Z",
      "updated_at": "2024-11-05T15:37:42.866Z",
      "email": "sebnemadil1999@gmail.cm"
    }
  },
  {
    "model": "core.newsletter",
    "pk": 5,
    "fields": {
      "created_at": "2024-11-05T15:38:23.785Z",
      "updated_at": "2024-11-05T15:38:23.785Z",
      "email": "sebnemadil1999@gmail.co"
    }
  },
  {
    "model": "core.newsletter",
    "pk": 6,
    "fields": {
      "created_at": "2024-11-18T14:05:37.078Z",
      "updated_at": "2024-11-18T14:05:37.078Z",
      "email": "sebnemadil19@gmail.com"
    }
  },
  {
    "model": "core.newsletter",
    "pk": 7,
    "fields": {
      "created_at": "2024-11-18T14:42:23.623Z",
      "updated_at": "2024-11-18T14:42:23.623Z",
      "email": "sebnemadil19dd99@gmail.com"
    }
  },
  {
    "model": "core.contact",
    "pk": 1,
    "fields": {
      "created_at": "2024-10-25T16:08:19.913Z",
      "updated_at": "2024-10-25T16:08:19.913Z",
      "first_name": "2024-11-02 22:42:31.789103+00:00",
      "last_name": "2024-11-02 22:42:46.451187+00:00",
      "email": "sebnemadil1999@gmail.com",
      "phone": "0772951285",
      "message": "\\jhguyfujkl["
    }
  },
  {
    "model": "core.contact",
    "pk": 2,
    "fields": {
      "created_at": "2024-11-02T23:01:16.610Z",
      "updated_at": "2024-11-02T23:01:16.610Z",
      "first_name": "Şebnem",
      "last_name": "Bayramlı",
      "email": "sebnemadil1999@gmail.com",
      "phone": "0772951285",
      "message": "f f gfb"
    }
  },
  {
    "model": "core.contact",
    "pk": 3,
    "fields": {
      "created_at": "2024-11-02T23:02:54.317Z",
      "updated_at": "2024-11-02T23:02:54.317Z",
      "first_name": "Şebnem",
      "last_name": "Bayramlı",
      "email": "sebnemadil1999@gmail.com",
      "phone": "0772951285",
      "message": "trgtr"
    }
  },
  {
    "model": "core.contact",
    "pk": 4,
    "fields": {
      "created_at": "2024-11-02T23:05:19.613Z",
      "updated_at": "2024-11-02T23:05:19.613Z",
      "first_name": "Şebnem",
      "last_name": "Bayramlı",
      "email": "sebnemadil1999@gmail.com",
      "phone": "0772951285",
      "message": "rtv"
    }
  },
  {
    "model": "core.contact",
    "pk": 5,
    "fields": {
      "created_at": "2024-11-02T23:06:09.643Z",
      "updated_at": "2024-11-02T23:06:09.643Z",
      "first_name": "Şebnem",
      "last_name": "Bayramlı",
      "email": "sebnemadil1999@gmail.com",
      "phone": "0772951285",
      "message": "4tg"
    }
  },
  {
    "model": "core.contact",
    "pk": 6,
    "fields": {
      "created_at": "2024-11-04T15:11:57.247Z",
      "updated_at": "2024-11-04T15:11:57.248Z",
      "first_name": "Şebnem",
      "last_name": "Bayramlı",
      "email": "sebnemadil1999@gmail.com",
      "phone": "0772951285",
      "message": "erer"
    }
  },
  {
    "model": "core.contact",
    "pk": 7,
    "fields": {
      "created_at": "2024-11-04T15:47:35.831Z",
      "updated_at": "2024-11-04T15:47:35.831Z",
      "first_name": "Şebnem",
      "last_name": "Bayramlı",
      "email": "sebnemadil1999@gmail.com",
      "phone": "0772951285",
      "message": "ewfwe"
    }
  },
  {
    "model": "core.contact",
    "pk": 8,
    "fields": {
      "created_at": "2024-11-04T15:48:30.946Z",
      "updated_at": "2024-11-04T15:48:30.946Z",
      "first_name": "Şebnem",
      "last_name": "Bayramlı",
      "email": "sebnemadil1999@gmail.com",
      "phone": "0772951285",
      "message": "3t34"
    }
  },
  {
    "model": "core.contact",
    "pk": 9,
    "fields": {
      "created_at": "2024-11-04T15:49:02.350Z",
      "updated_at": "2024-11-04T15:49:02.351Z",
      "first_name": "Şebnem",
      "last_name": "Bayramlı",
      "email": "sebnemadil1999@gmail.com",
      "phone": "0772951285",
      "message": "45g45t"
    }
  },
  {
    "model": "core.contact",
    "pk": 10,
    "fields": {
      "created_at": "2024-11-04T15:49:25.539Z",
      "updated_at": "2024-11-04T15:49:25.539Z",
      "first_name": "Şebnem",
      "last_name": "Bayramlı",
      "email": "sebnemadil1999@gmail.com",
      "phone": "0772951285",
      "message": "yhy5h"
    }
  },
  {
    "model": "core.contact",
    "pk": 11,
    "fields": {
      "created_at": "2024-11-04T16:07:35.050Z",
      "updated_at": "2024-11-04T16:07:35.050Z",
      "first_name": "Şebnem",
      "last_name": "Bayramlı",
      "email": "sebnemadil1999@gmail.com",
      "phone": "0772951285",
      "message": "er"
    }
  },
  {
    "model": "core.contact",
    "pk": 12,
    "fields": {
      "created_at": "2024-11-04T16:09:09.433Z",
      "updated_at": "2024-11-04T16:09:09.433Z",
      "first_name": "Şebnem",
      "last_name": "Bayramlı",
      "email": "sebnemadil1999@gmail.com",
      "phone": "0772951285",
      "message": "werew"
    }
  },
  {
    "model": "core.contact",
    "pk": 13,
    "fields": {
      "created_at": "2024-11-04T16:10:07.738Z",
      "updated_at": "2024-11-04T16:10:07.739Z",
      "first_name": "Şebnem",
      "last_name": "Bayramlı",
      "email": "sebnemadil1999@gmail.com",
      "phone": "0772951285",
      "message": "wfewr"
    }
  },
  {
    "model": "core.contact",
    "pk": 14,
    "fields": {
      "created_at": "2024-11-04T16:11:11.784Z",
      "updated_at": "2024-11-04T16:11:11.784Z",
      "first_name": "Şebnem",
      "last_name": "Bayramlı",
      "email": "sebnemadil1999@gmail.com",
      "phone": "7072951285",
      "message": "egeg"
    }
  },
  {
    "model": "core.contact",
    "pk": 15,
    "fields": {
      "created_at": "2024-11-04T16:12:48.338Z",
      "updated_at": "2024-11-04T16:12:48.338Z",
      "first_name": "Şebnem",
      "last_name": "Bayramlı",
      "email": "sebnemadil1999@gmail.com",
      "phone": "7072951285",
      "message": "ererrr"
    }
  },
  {
    "model": "core.contact",
    "pk": 16,
    "fields": {
      "created_at": "2024-11-04T16:13:24.575Z",
      "updated_at": "2024-11-04T16:13:24.575Z",
      "first_name": "Şebnem",
      "last_name": "Bayramlı",
      "email": "sebnemadil1999@gmail.com",
      "phone": "7702951285",
      "message": "wfwef"
    }
  },
  {
    "model": "core.contact",
    "pk": 17,
    "fields": {
      "created_at": "2024-11-04T16:14:45.344Z",
      "updated_at": "2024-11-04T16:14:45.344Z",
      "first_name": "Şebnem",
      "last_name": "Bayramlı",
      "email": "sebnemadil1999@gmail.com",
      "phone": "7702951285",
      "message": "wr"
    }
  },
  {
    "model": "core.contact",
    "pk": 18,
    "fields": {
      "created_at": "2024-11-04T16:15:26.663Z",
      "updated_at": "2024-11-04T16:15:26.663Z",
      "first_name": "Şebnem",
      "last_name": "Bayramlı",
      "email": "sebnemadil1999@gmail.com",
      "phone": "7072951285",
      "message": "yht"
    }
  },
  {
    "model": "core.contact",
    "pk": 19,
    "fields": {
      "created_at": "2024-11-04T16:20:09.534Z",
      "updated_at": "2024-11-04T16:20:09.534Z",
      "first_name": "Şebnem",
      "last_name": "Bayramlı",
      "email": "sebnemadil1999@gmail.com",
      "phone": "0772951285",
      "message": "eg"
    }
  },
  {
    "model": "core.contact",
    "pk": 20,
    "fields": {
      "created_at": "2024-11-04T16:20:39.645Z",
      "updated_at": "2024-11-04T16:20:39.645Z",
      "first_name": "Şebnem",
      "last_name": "Bayramlı",
      "email": "sebnemadil1999@gmail.com",
      "phone": "7072951285",
      "message": "3434"
    }
  },
  {
    "model": "core.contact",
    "pk": 21,
    "fields": {
      "created_at": "2024-11-04T16:21:26.952Z",
      "updated_at": "2024-11-04T16:21:26.952Z",
      "first_name": "Şebnem",
      "last_name": "Bayramlı",
      "email": "sebnemadil1999@gmail.com",
      "phone": "7702951285",
      "message": "erer"
    }
  },
  {
    "model": "core.contact",
    "pk": 22,
    "fields": {
      "created_at": "2024-11-04T16:22:35.640Z",
      "updated_at": "2024-11-04T16:22:35.640Z",
      "first_name": "Şebnem",
      "last_name": "Bayramlı",
      "email": "sebnemadil1999@gmail.com",
      "phone": "0772951285",
      "message": "3g35"
    }
  },
  {
    "model": "core.contact",
    "pk": 23,
    "fields": {
      "created_at": "2024-11-04T16:23:23.068Z",
      "updated_at": "2024-11-04T16:23:23.068Z",
      "first_name": "Şebnem",
      "last_name": "Bayramlı",
      "email": "sebnemadil1999@gmail.com",
      "phone": "0772951285",
      "message": "rggr"
    }
  },
  {
    "model": "core.contact",
    "pk": 24,
    "fields": {
      "created_at": "2024-11-04T16:26:17.099Z",
      "updated_at": "2024-11-04T16:26:17.099Z",
      "first_name": "Şebnem",
      "last_name": "Bayramlı",
      "email": "sebnemadil1999@gmail.com",
      "phone": "0772951285",
      "message": "ege"
    }
  },
  {
    "model": "core.contact",
    "pk": 25,
    "fields": {
      "created_at": "2024-11-04T16:26:43.124Z",
      "updated_at": "2024-11-04T16:26:43.124Z",
      "first_name": "Şebnem",
      "last_name": "Bayramlı",
      "email": "sebnemadil1999@gmail.com",
      "phone": "0772951285",
      "message": "eger"
    }
  },
  {
    "model": "core.contact",
    "pk": 26,
    "fields": {
      "created_at": "2024-11-04T16:26:58.510Z",
      "updated_at": "2024-11-04T16:26:58.510Z",
      "first_name": "Şebnem",
      "last_name": "Bayramlı",
      "email": "sebnemadil1999@gmail.com",
      "phone": "0772951285",
      "message": "34"
    }
  },
  {
    "model": "core.contact",
    "pk": 27,
    "fields": {
      "created_at": "2024-11-04T16:28:10.474Z",
      "updated_at": "2024-11-04T16:28:10.475Z",
      "first_name": "Şebnem",
      "last_name": "Bayramlı",
      "email": "sebnemadil1999@gmail.com",
      "phone": "0772951285",
      "message": "egver"
    }
  },
  {
    "model": "core.contact",
    "pk": 28,
    "fields": {
      "created_at": "2024-11-04T16:28:38.455Z",
      "updated_at": "2024-11-04T16:28:38.455Z",
      "first_name": "Şebnem",
      "last_name": "Bayramlı",
      "email": "sebnemadil1999@gmail.com",
      "phone": "0772951285",
      "message": "3rf3t"
    }
  },
  {
    "model": "core.contact",
    "pk": 29,
    "fields": {
      "created_at": "2024-11-04T16:55:43.749Z",
      "updated_at": "2024-11-04T16:55:43.749Z",
      "first_name": "Şebnem",
      "last_name": "Bayramlı",
      "email": "eco@gmail.com",
      "phone": "7072951285",
      "message": "rer"
    }
  },
  {
    "model": "core.contact",
    "pk": 30,
    "fields": {
      "created_at": "2024-11-04T17:21:02.440Z",
      "updated_at": "2024-11-04T17:21:02.440Z",
      "first_name": "Şebnem",
      "last_name": "Bayramlı",
      "email": "sebnemadil1999@gmail.com",
      "phone": "7702951285",
      "message": "dwc"
    }
  },
  {
    "model": "core.contact",
    "pk": 31,
    "fields": {
      "created_at": "2024-11-18T14:06:27.235Z",
      "updated_at": "2024-11-18T14:06:27.235Z",
      "first_name": "gfbn",
      "last_name": "fgnhgf",
      "email": "sebnemadil1999@gmail.com",
      "phone": "0772951285",
      "message": "ggf"
    }
  },
  {
    "model": "core.faq",
    "pk": 1,
    "fields": {
      "created_at": "2024-11-17T17:00:36.654Z",
      "updated_at": "2024-11-17T17:00:36.654Z",
      "question": "What is an academic medical center?",
      "response": "Lorem ipsum dolor sit amet, consectetur adipiscing elit, sed do eiusmod tempor incididunt ut labore et dolore magna aliqua. Quis ipsum suspendisse ultrices gravida. Risus commodo viverra maecenas accumsan."
    }
  },
  {
    "model": "core.faq",
    "pk": 2,
    "fields": {
      "created_at": "2024-11-17T17:00:59.853Z",
      "updated_at": "2024-11-17T17:00:59.854Z",
      "question": "My physician is a faculty member—what does that mean?",
      "response": "lorem ipsum"
    }
  },
  {
    "model": "core.sitesettings",
    "pk": 1,
    "fields": {
      "created_at": "2024-11-04T17:42:04.418Z",
      "updated_at": "2024-11-17T14:30:00.580Z",
      "site_name": "Mireldar Babayev",
      "logo": "logos/logo.png",
      "favicon": "favicons/blog-img-full2.jpg",
      "location": "Baku",
      "number": "+994507655577",
      "email": "medenin@info.com",
      "work_hours": "09-00-18.00",
      "map_url": "https://www.google.com/maps/embed?pb=!1m14!1m8!1m3!1d6079.058167769159!2d49.9602182!3d40.374965!3m2!1i1024!2i768!4f13.1!3m3!1m2!1s0x403064a59f86bceb%3A0xdcb214533519ce69!2zR3VuYXNobGksIEJha8O8!5e0!3m2!1str!2saz!4v1730746685169!5m2!1str!2saz",
      "facebook": null,
      "youtube": "https://www.youtube.com/@dwespanol",
      "instagram": null,
      "twitter": null,
      "linkedin": "https://www.youtube.com/@dwespanol",
      "tiktok": "https://www.youtube.com/@dwespanol",
      "footer_description": "Lorem ipsum dolor sit amet, consect\r\netur adipisicing elit, sed do eius mod\r\ntempor incididunt ut labore et dolore\r\nmagna aliqua. Ut enim ad minim"
    }
  },
  {
    "model": "core.statisticalindicator",
    "pk": 1,
    "fields": {
      "created_at": "2024-11-04T19:27:26.659Z",
      "updated_at": "2024-11-17T15:14:01.839Z",
      "png": "statistics/service-thumbnail03_GhORkpq.png",
      "value": 106,
      "name": "Award winner"
    }
  },
  {
    "model": "core.statisticalindicator",
    "pk": 2,
    "fields": {
      "created_at": "2024-11-04T19:32:47.945Z",
      "updated_at": "2024-11-17T15:13:10.718Z",
      "png": "statistics/service-thumbnail03.png",
      "value": 315,
      "name": "Hospital Rooms"
    }
  },
  {
    "model": "core.statisticalindicator",
    "pk": 3,
    "fields": {
      "created_at": "2024-11-04T19:33:52.890Z",
      "updated_at": "2024-11-17T15:12:18.684Z",
      "png": "statistics/service-thumbnail02.png",
      "value": 215,
      "name": "Expert Doctors"
    }
  },
  {
    "model": "core.statisticalindicator",
    "pk": 4,
    "fields": {
      "created_at": "2024-11-04T19:34:37.355Z",
      "updated_at": "2024-11-17T15:11:34.880Z",
      "png": "statistics/service-thumbnail01.png",
      "value": 699,
      "name": "Happy Patients"
    }
  },
  {
    "model": "core.aboutus",
    "pk": 1,
    "fields": {
      "created_at": "2024-11-05T12:07:46.512Z",
      "updated_at": "2024-11-17T09:46:28.080Z",
      "image": "about/about-img.jpg",
      "video_id": "MKG_6BqnhpI",
      "content": "<p>Lorem ipsum dolor sit amet, consectetur adipisicing elit, sed do eius mod tempor incididunt ut labore et dolore magna aliqua.</p>\r\n\r\n<p>Ut enim ad minim veniam, quis nostrud exercitation. Lorem ipsum dolor sit amet, consectetur adipisicing elit, sed do eius mod tempor incididunt ut labore et dolore magna aliqua.</p>\r\n\r\n<p>Ut enim ad minim veniam, quis nostrud exercitation.</p>\r\n\r\n<p>Lorem ipsum dolor sit amet, consectetur adipisicing elit, sed do eius mod tempor incididunt ut labore et dolore magna aliqua.</p>\r\n\r\n<p>Ut enim ad minim veniam, quis nostrud exercitation. Lorem ipsum dolor sit amet, consectetur adipisicing elit, sed do eius mod tempor incididunt ut labore et dolore magna aliqua.</p>\r\n\r\n<p>Ut enim ad minim veniam, quis nostrud exercitation.</p>",
      "mission": "Lorem ipsum dolor sit amet, consectetur adipisicing elit, sed do eius mod tempor incididunt ut labore et dolore magna aliqua. Ut enim ad minim veniam, quis nostrud exercitation.\r\n\r\nLorem ipsum dolor sit amet, consectetur adipisicing elit, sed do eius mod tempor incididunt ut labore et dolore magna aliqua. Ut enim ad minim veniam, quis nostrud exercitation.",
      "vision": "Lorem ipsum dolor sit amet, consectetur adipisicing elit, sed do eius mod tempor incididunt ut labore et dolore magna aliqua.\r\n\r\nUt enim ad minim veniam, quis nostrud exercitation. Lorem ipsum dolor sit amet, consectetur adipisicing elit, sed do eius mod tempor incididunt ut labore et dolore magna aliqua.\r\n\r\nUt enim ad minim veniam, quis nostrud exercitation.",
      "value": "Lorem ipsum dolor sit amet, consectetur adipisicing elit, sed do eius mod tempor incididunt ut labore et dolore magna aliqua.\r\n\r\nUt enim ad minim veniam, quis nostrud exercitation. Lorem ipsum dolor sit amet, consectetur adipisicing elit, sed do eius mod tempor incididunt ut labore et dolore magna aliqua.\r\n\r\nUt enim ad minim veniam, quis nostrud exercitation."
    }
  },
  {
    "model": "core.whoweare",
    "pk": 1,
    "fields": {
      "created_at": "2024-11-05T12:58:31.074Z",
      "updated_at": "2024-11-18T14:04:59.908Z",
      "title": "We Have Advanced Technologies",
      "video_link": "https://www.youtube.com/watch?v=wqfyuKiBn9s",
      "content": "<p>Lorem ipsum dolor sit amet, consectetur adipisicing elit, sed do eius mod tempor incididunt ut labore et dolore magna aliqua. Ut enim ad minim veniam, quis nostrud exercitation.</p>\r\n\r\n<p>Lorem ipsum dolor sit amet, consectetur adipisicing elit, sed do eius mod tempor incididunt ut labore et dolore magna aliqua. Ut enim ad minim veniam, quis nostrud exercitation.</p>"
    }
  },
  {
    "model": "core.testimoinal",
    "pk": 1,
    "fields": {
      "created_at": "2024-11-05T20:00:02.071Z",
      "updated_at": "2024-11-18T14:32:40.094Z",
      "client_image": "testimoinals/doctors-img1.jpg",
      "client_full_name": "Sebnem adil",
      "client_profession": "pasient",
      "client_comment": "Lorem ipsum dolor sit amet, consectetur adipisicing elit, sed do eius mod tempor incididunt ut labore et dolore magna aliqua. Ut enim ad minim veniafff. Ut enim ad minim veniafffetur adipisicing elit, sed do eius mod tempor incididunt ut labore et doloreg",
      "star": 1
    }
  },
  {
    "model": "core.testimoinal",
    "pk": 2,
    "fields": {
      "created_at": "2024-11-05T20:00:51.175Z",
      "updated_at": "2024-11-18T14:32:31.147Z",
      "client_image": "testimoinals/doctors-img1_EsvAJ0x.jpg",
      "client_full_name": "Mehran Babayev",
      "client_profession": "pasient",
      "client_comment": "Lorem ipsum dolor sit amet, consectetur adipisicing elit, sed do eius mod tempor incididunt ut labore et dolore magna aliqua. Ut enim ad minim veniafff. Ut enim ad minim veniafffetur adipisicing elit, sed do eius mod tempor incididunt ut labore et doloreg",
      "star": 4
    }
  },
  {
    "model": "core.testimoinal",
    "pk": 3,
    "fields": {
      "created_at": "2024-11-05T20:14:08.876Z",
      "updated_at": "2024-11-18T14:32:35.287Z",
      "client_image": "testimoinals/doctors-img1_rBU5KNl.jpg",
      "client_full_name": "orxan babayev",
      "client_profession": "pasient",
      "client_comment": "Lorem ipsum dolor sit amet, consectetur adipisicing elit, sed do eius mod tempor incididunt ut labore et dolore magna aliqua. Ut enim ad minim veniafff. Ut enim ad minim veniafffetur adipisicing elit, sed do eius mod tempor incididunt ut labore et doloreg",
      "star": 3
    }
  },
  {
    "model": "core.banner",
    "pk": 1,
    "fields": {
      "created_at": "2024-11-16T17:29:51.966Z",
      "updated_at": "2024-11-17T14:53:25.546Z",
      "title": "What Makes Us Better, Makes You Better. -2",
      "subtitle": "We are here for you-2",
      "description": "Lorem ipsum dolor sit amet, consectetur adipiscing elit. Vivamus eu lacus ex.\r\n                                        Class aptent taciti sociosqu ad litora torquent per conubia nostra, per inceptos\r\n                                        ipsum dolor sit amet-2",
      "png": "banner/hero-doctor-1_3xpOtW5.png",
      "video_id": "MKG_6BqnhpI"
    }
  },
  {
    "model": "core.banner",
    "pk": 2,
    "fields": {
      "created_at": "2024-11-16T22:35:00.200Z",
      "updated_at": "2024-11-17T14:52:19.611Z",
      "title": "What Makes Us Better, Makes You Better.",
      "subtitle": "We are here for you",
      "description": "Lorem ipsum dolor sit amet, consectetur adipiscing elit. Vivamus eu lacus ex.\r\n                                        Class aptent taciti sociosqu ad litora torquent per conubia nostra, per inceptos\r\n                                        ipsum dolor sit amet.",
      "png": "banner/hero-doctor-1_rqtgA4e.png",
      "video_id": "MKG_6BqnhpI"
    }
  },
  {
    "model": "service.service",
    "pk": 1,
    "fields": {
      "created_at": "2024-11-09T12:27:35.307Z",
      "updated_at": "2024-11-17T15:16:40.988Z",
      "name": "Dental Care",
      "short_description": "Lorem ipsum dolor sit amet, consectetur adipisicing elit, sed do eius mod tempor incididunt ut labore",
      "png": "services/service-icon1.png",
      "image": "services/images/download.jpeg",
      "title": "Professional Dental Care Services",
      "content": "<p>Lorem ipsum dolor sit amet, consectetur adipisicing elit, sed do eiusmod tempor incididunt ut labore et dolore magna aliqua. Ut enim ad minim veniam, quis nostrud exercitation ullamco laboris nisi ut aliquip ex ea commodo consequat. Duis aute irure dolor in reprehenderit in voluptate velit</p>\r\n\r\n<p>Voluptas sit aspernatur aut odit aut fugit, sed quia consequuntur magni dolores eos qui ratione volupt atem sequi nesciunt. Neque porro quisquam est, qui dolorem ipsum quia dolor sit amet, consectetur, adipisci velit, sed quia non numquam eius modi tempora incidunt ut labore et dolore magnam aliquam quaerat voluptatem&nbsp;</p>\r\n\r\n<h4>Teeth Fillings</h4>\r\n\r\n<p>Excepteur sint occaecat cupidatat</p>\r\n\r\n<hr />\r\n<h3>Medenin Dental Features</h3>\r\n\r\n<p>Lorem ipsum dolor sit amet, consectetur adipisicing elit, sed do eiusmod tempor incididunt ut labore et dolore magna aliqua. Ut enim ad minim veniam, quis nostrud exercitation ullamco laboris nisi</p>\r\n\r\n<ul>\r\n\t<li>\r\n\t<h6>Suspendisse facilisis sollicitudin sapien</h6>\r\n\t</li>\r\n\t<li>\r\n\t<h6>Praesent metus risus, tristique at</h6>\r\n\t</li>\r\n\t<li>\r\n\t<h6>Sed commodo placerat eros id luctus</h6>\r\n\t</li>\r\n\t<li>\r\n\t<h6>Suspendisse eget tortor eget</h6>\r\n\t</li>\r\n</ul>\r\n\r\n<ul>\r\n\t<li>\r\n\t<h6>Nemo enim ipsam voluptatem voluptas.</h6>\r\n\t</li>\r\n\t<li>\r\n\t<h6>Mauris bibendum felis id nisl facilisis</h6>\r\n\t</li>\r\n\t<li>\r\n\t<h6>Donec condimentum rutrum auctor</h6>\r\n\t</li>\r\n\t<li>\r\n\t<h6>Cras a justo et dolor luctus rhoncus eu</h6>\r\n\t</li>\r\n</ul>",
      "background_color": "green",
      "slug": "professional-dental-care-services"
    }
  },
  {
    "model": "service.service",
    "pk": 2,
    "fields": {
      "created_at": "2024-11-09T12:39:39.976Z",
      "updated_at": "2024-11-09T12:52:15.942Z",
      "name": "Eye Care",
      "short_description": "Lorem ipsum dolor sit amet, consectetur adipisicing elit, sed do eius mod tempor incididunt ut labore",
      "png": "services/service-icon2.png",
      "image": "2024-11-09 18:09:13.662551+00:00",
      "title": "Lorem ipsum dolor sit amet, consectetur adipisicing elit, sed do eius mod tempor incididunt ut labore",
      "content": "<p>Lorem ipsum dolor sit amet, consectetur adipisicing elit, sed do eius mod tempor incididunt ut labore</p>",
      "background_color": "yellow",
      "slug": "lorem-ipsum-dolor-sit-amet-consectetur-adipisicing-elit-sed-do-eius-mod-tempor-incididunt-ut-labore"
    }
  },
  {
    "model": "service.service",
    "pk": 3,
    "fields": {
      "created_at": "2024-11-17T10:00:33.407Z",
      "updated_at": "2024-11-17T15:17:57.758Z",
      "name": "Allergic issue",
      "short_description": "Lorem ipsum dolor sit amet, consectetur adipisicing elit, sed do eius mod tempor incididunt ut labore",
      "png": "services/service-icon3.png",
      "image": "services/images/bg-home-form.jpg",
      "title": "sacdec",
      "content": "<p>Lorem ipsum dolor sit amet, consectetur adipisicing elit, sed do eius mod tempor incididunt ut labore</p>",
      "background_color": "blue",
      "slug": "sacdec"
    }
  },
  {
    "model": "service.service",
    "pk": 4,
    "fields": {
      "created_at": "2024-11-17T10:04:29.921Z",
      "updated_at": "2024-11-17T15:18:53.881Z",
      "name": "Eye Care -2",
      "short_description": "Lorem ipsum dolor sit amet, consectetur adipisicing elit, sed do eius mod tempor incididunt ut labore",
      "png": "services/service-icon3_vRD9Q9h.png",
      "image": "services/images/team11.jpg",
      "title": "Lorem ipsum dolor sit amet, consectetur adi-2pisicing elit, sed do eius mod tempor incididunt ut labore",
      "content": "<p>Lorem ipsum dolor sit amet, consectetur adipisicing elit, sed do eius mod tempor incididunt ut labore</p>",
      "background_color": "green",
      "slug": "2r"
    }
  },
  {
    "model": "service.download",
    "pk": 1,
    "fields": {
      "created_at": "2024-11-09T13:27:03.230Z",
      "updated_at": "2024-11-09T16:49:23.040Z",
      "title": "Our Brouchure",
      "type": "docx",
      "file": "services/downloads/TaskFries_Ana_səhifə.docx"
    }
  },
  {
    "model": "service.download",
    "pk": 2,
    "fields": {
      "created_at": "2024-11-09T17:48:48.051Z",
      "updated_at": "2024-11-09T17:48:48.051Z",
      "title": "aegbdfff",
      "type": "docx",
      "file": "services/downloads/Profil_digər_səhifələr_1.docx"
    }
  },
  {
    "model": "service.whychooseus",
    "pk": 1,
    "fields": {
      "created_at": "2024-11-09T18:35:44.800Z",
      "updated_at": "2024-11-17T15:23:41.444Z",
      "title": "Fastest Growing Clinic",
      "short_description": "Excepteur sint occaecat cupidatat non proident, su",
      "png": "why_choose_us/icon1.png"
    }
  },
  {
    "model": "service.whychooseus",
    "pk": 2,
    "fields": {
      "created_at": "2024-11-17T15:24:25.190Z",
      "updated_at": "2024-11-17T15:24:25.190Z",
      "title": "Free Ambulance Servcice",
      "short_description": "Ut enim ad minim veniam, quis nostrud exercitati",
      "png": "why_choose_us/icon2.png"
    }
  },
  {
    "model": "service.whychooseus",
    "pk": 3,
    "fields": {
      "created_at": "2024-11-17T15:26:18.850Z",
      "updated_at": "2024-11-17T15:26:18.850Z",
      "title": "24/7 Working Time",
      "short_description": "Duis aute irure dolor in repr ehenderit in voluptate.",
      "png": "why_choose_us/icon3.png"
    }
  },
  {
    "model": "service.whychooseus",
    "pk": 4,
    "fields": {
      "created_at": "2024-11-17T15:27:16.655Z",
      "updated_at": "2024-11-17T15:27:16.655Z",
      "title": "5 Star Customer Rating",
      "short_description": "Excepteur sint occaecat cupidatat non proident,",
      "png": "why_choose_us/icon4.png"
    }
  },
  {
    "model": "appointment.timetable",
    "pk": 6,
    "fields": {
      "created_at": "2024-11-21T17:56:01.403Z",
      "updated_at": "2024-11-21T17:56:01.403Z",
      "start_time": "2024-11-21T18:55:41Z",
      "end_time": "2024-11-22T17:55:44Z"
    }
  },
  {
    "model": "appointment.timetable",
    "pk": 7,
    "fields": {
      "created_at": "2024-11-21T18:19:33.184Z",
      "updated_at": "2024-11-21T18:19:33.184Z",
      "start_time": "2024-11-22T18:18:56Z",
      "end_time": "2024-11-22T18:19:58Z"
    }
  },
  {
    "model": "appointment.appointment",
    "pk": 8,
    "fields": {
      "created_at": "2024-11-21T22:59:59.752Z",
      "updated_at": "2024-11-21T22:59:59.752Z",
      "full_name": "45tg45t",
      "phone": "0772951285",
      "location": "Baku",
      "message": "45t45t",
      "available_time": 7
    }
  }
]
